entry_time,exit_time,side,entry,exit,sl,tp,R,net_R,reason,hold_bars
2022-01-23 09:40:00,2022-01-23 10:05:00,S,35960.5,35738.1,36478.410143941175,35738.1,0.429,0.353,tp,5
2022-01-25 05:05:00,2022-01-25 08:00:00,L,35968.5,36250.675,35623.34873254862,36250.675,0.818,0.703,tp,35
2022-01-26 18:15:00,2022-01-26 18:50:00,L,37795.0,38088.5,37270.912028496576,38088.5,0.56,0.481,tp,7
2022-01-29 15:10:00,2022-01-29 20:25:00,L,37615.0,37960.375,37116.41117752604,37960.375,0.693,0.61,tp,63
2022-01-31 07:55:00,2022-01-31 10:50:00,S,37094.0,37280.65832636914,37280.65832636914,36999.925,-1.0,-1.219,sl,35
2022-02-01 06:25:00,2022-02-01 08:00:00,L,38287.5,38459.8,38073.965459016414,38459.8,0.807,0.61,tp,19
2022-02-06 15:10:00,2022-02-06 16:30:00,L,41342.5,41567.275,40586.26138927783,41567.275,0.297,0.237,tp,16
2022-02-08 12:40:00,2022-02-08 14:30:00,L,43317.0,43716.125,42656.968072328295,43716.125,0.605,0.533,tp,22
2022-02-10 00:30:00,2022-02-10 02:10:00,L,44132.0,44309.225,43693.06654315696,44309.225,0.404,0.293,tp,20
2022-02-12 16:50:00,2022-02-12 21:30:00,S,42560.0,42219.9,43115.916149202414,42219.9,0.612,0.528,tp,56
2022-02-13 10:50:00,2022-02-13 14:30:00,S,42477.5,42338.625,42702.59301745622,42338.625,0.617,0.409,tp,44
2022-02-14 07:05:00,2022-02-14 12:45:00,S,42134.5,42461.8528060092,42461.8528060092,41902.85,-1.0,-1.142,sl,68
2022-02-19 07:00:00,2022-02-19 07:55:00,S,40362.0,40242.475,40550.89967012216,40242.475,0.633,0.398,tp,11
2022-02-20 23:05:00,2022-02-21 00:00:00,S,38671.5,38308.125,39279.4102158146,38308.125,0.598,0.528,tp,11
2022-02-21 01:25:00,2022-02-21 09:25:00,S,39007.5,39012.0,39733.73184827262,38528.175,-0.006,-0.065,time,96
2022-02-23 15:15:00,2022-02-23 17:50:00,L,38599.5,38102.38632388926,38102.38632388926,38812.675,-1.0,-1.085,sl,31
2022-02-24 19:00:00,2022-02-24 19:40:00,S,36370.0,37236.80572946166,37236.80572946166,35965.3,-1.0,-1.046,sl,8
2022-02-26 09:20:00,2022-02-26 11:00:00,L,38816.5,39044.05,38249.682714356226,39044.05,0.401,0.326,tp,20
2022-02-26 18:30:00,2022-02-26 19:00:00,L,38926.0,39120.675,38595.461007572034,39120.675,0.589,0.459,tp,6
2022-02-27 13:55:00,2022-02-27 16:00:00,L,38947.0,39450.6,37950.50660457995,39450.6,0.505,0.462,tp,25
2022-02-28 07:50:00,2022-02-28 13:20:00,S,38250.0,37971.375,38816.571787501445,37971.375,0.492,0.418,tp,66
2022-03-02 13:50:00,2022-03-02 14:30:00,L,43497.0,43813.575,42875.34206022145,43813.575,0.509,0.432,tp,8
2022-03-03 04:05:00,2022-03-03 06:10:00,L,43403.5,42933.201934962206,42933.201934962206,43627.825,-1.0,-1.102,sl,25
2022-03-04 08:20:00,2022-03-04 08:25:00,S,41587.0,41404.05,41948.29982020065,41404.05,0.506,0.38,tp,1
2022-03-05 16:50:00,2022-03-06 00:50:00,S,39388.0,39509.0,39710.04549163518,39172.05,-0.376,-0.51,time,96
2022-03-08 02:55:00,2022-03-08 05:05:00,S,38663.5,38383.525,39306.559123807056,38383.525,0.435,0.369,tp,26
2022-03-09 18:55:00,2022-03-09 19:45:00,L,42040.0,42160.225,41669.39292895376,42160.225,0.324,0.2,tp,10
2022-03-10 13:40:00,2022-03-10 13:40:00,S,39273.5,39219.9,40458.09824238787,39219.9,0.045,0.009,tp,0
2022-03-11 07:10:00,2022-03-11 11:10:00,S,39092.0,38789.4,39586.68704693329,38789.4,0.612,0.525,tp,48
2022-03-16 18:20:00,2022-03-16 19:10:00,L,39879.0,40250.8,38692.40934007937,40250.8,0.313,0.276,tp,10
2022-03-17 06:55:00,2022-03-17 12:10:00,L,40745.0,41008.175,40329.57925573968,41008.175,0.634,0.526,tp,63
2022-03-20 09:40:00,2022-03-20 12:00:00,L,41730.0,41471.590525670625,41471.590525670625,41832.375,-1.0,-1.178,sl,28
2022-03-21 08:15:00,2022-03-21 12:40:00,S,41167.0,40973.4,41484.560785095346,40973.4,0.61,0.467,tp,53
2022-03-23 01:15:00,2022-03-23 01:55:00,L,42150.5,42327.4,41560.544815001726,42327.4,0.3,0.221,tp,8
2022-03-23 13:10:00,2022-03-23 13:30:00,S,42273.5,42071.55,42678.46850192653,42071.55,0.499,0.384,tp,4
2022-03-23 18:00:00,2022-03-23 22:15:00,L,42147.0,42406.675,41720.66243015657,42406.675,0.609,0.5,tp,51
2022-03-25 08:15:00,2022-03-25 08:40:00,L,43837.0,44011.475,43451.90932692356,44011.475,0.453,0.328,tp,5
2022-03-26 01:05:00,2022-03-26 01:45:00,L,44179.5,44310.025,43883.31494542573,44310.025,0.441,0.277,tp,8
2022-03-29 16:20:00,2022-03-29 19:05:00,L,47290.0,47648.175,46664.591023238754,47648.175,0.573,0.49,tp,33
2022-03-29 22:40:00,2022-03-29 22:40:00,L,47286.5,47314.0,46670.46309920229,47314.0,0.045,-0.04,tp,0
2022-04-14 11:05:00,2022-04-14 12:15:00,L,40990.0,41095.325,40715.3717660445,41095.325,0.384,0.219,tp,14
2022-04-17 20:10:00,2022-04-17 21:05:00,S,40325.0,40170.375,40642.75183432417,40170.375,0.487,0.347,tp,11
2022-04-23 21:50:00,2022-04-23 21:50:00,S,39823.0,39910.36673353148,39910.36673353148,39785.125,-1.0,-1.501,sl,0
2022-04-27 07:15:00,2022-04-27 07:55:00,S,38654.0,38970.45689861695,38970.45689861695,38506.425,-1.0,-1.134,sl,8
2022-04-27 20:30:00,2022-04-28 01:05:00,S,39142.5,39650.55766973372,39650.55766973372,38854.525,-1.0,-1.085,sl,55
2022-05-02 12:15:00,2022-05-02 12:15:00,L,38501.5,38637.15,38192.84179873293,38637.15,0.439,0.302,tp,0
2022-05-04 03:50:00,2022-05-04 04:10:00,S,38015.5,37978.025,38157.77451170981,37978.025,0.263,-0.031,tp,4
2022-05-10 05:55:00,2022-05-10 06:25:00,S,31696.5,32463.431595729522,32463.431595729522,31321.1,-1.0,-1.045,sl,6
2022-05-14 17:00:00,2022-05-14 22:50:00,S,29329.5,30008.705734393505,30008.705734393505,28980.125,-1.0,-1.048,sl,70
2022-05-21 07:35:00,2022-05-21 09:25:00,S,29409.5,29307.7,29612.303878758954,29307.7,0.502,0.342,tp,22
2022-05-24 04:55:00,2022-05-24 05:00:00,S,29372.5,29304.7,29541.48339930176,29304.7,0.401,0.21,tp,1
2022-05-26 00:05:00,2022-05-26 00:10:00,L,29573.5,29681.9,29348.599512169334,29681.9,0.482,0.337,tp,1
2022-05-27 12:55:00,2022-05-27 14:40:00,S,29213.0,29001.85,29635.800925535077,29001.85,0.499,0.423,tp,21
2022-05-29 19:25:00,2022-05-29 21:10:00,L,29126.0,29188.225,28969.118921889614,29188.225,0.397,0.192,tp,21
2022-06-04 14:40:00,2022-06-04 17:15:00,S,29697.0,29607.225,30099.151157848002,29607.225,0.223,0.142,tp,31
2022-06-07 08:50:00,2022-06-07 09:05:00,S,29640.0,29580.275,29828.74745228527,29580.275,0.316,0.144,tp,3
2022-06-07 18:45:00,2022-06-07 19:30:00,S,30146.5,30449.178142430454,30449.178142430454,30001.025,-1.0,-1.11,sl,9
2022-06-08 13:05:00,2022-06-08 13:25:00,L,30223.5,30333.925,29836.912331578606,30333.925,0.286,0.2,tp,4
2022-06-09 05:15:00,2022-06-09 08:00:00,S,30313.0,30546.20152472017,30546.20152472017,30258.175,-1.0,-1.143,sl,33
2022-06-10 22:00:00,2022-06-10 22:20:00,S,29186.5,29185.725,29450.408697515326,29185.725,0.003,-0.119,tp,4
2022-06-11 05:15:00,2022-06-11 05:15:00,S,29355.5,29309.75,29469.223595212945,29309.75,0.402,0.118,tp,0
2022-06-14 05:30:00,2022-06-14 07:15:00,S,22850.5,22158.75,24212.99220497624,22158.75,0.508,0.489,tp,21
2022-06-15 12:20:00,2022-06-15 16:35:00,S,21261.5,20884.725,22082.273768674022,20884.725,0.459,0.431,tp,51
2022-06-18 00:40:00,2022-06-18 00:50:00,S,20663.5,20542.725,20961.403965652815,20542.725,0.405,0.329,tp,2
2022-06-21 20:05:00,2022-06-21 23:25:00,L,20916.0,20554.959431794603,20554.959431794603,21113.05,-1.0,-1.064,sl,40
2022-06-22 10:15:00,2022-06-22 12:40:00,S,20396.0,20304.75,20711.66447806765,20304.75,0.289,0.218,tp,29
2022-06-24 10:00:00,2022-06-24 10:50:00,L,20820.5,20948.55,20567.85927605384,20948.55,0.507,0.416,tp,10
2022-06-29 20:15:00,2022-06-29 20:35:00,S,20290.5,20132.15,20579.0787209599,20132.15,0.549,0.471,tp,4
2022-07-08 08:45:00,2022-07-08 09:00:00,L,21649.5,21404.330634986884,21404.330634986884,21777.25,-1.0,-1.097,sl,3
2022-07-08 12:55:00,2022-07-08 14:35:00,L,21324.5,21545.05,20868.231570125223,21545.05,0.483,0.432,tp,20
2022-07-09 00:20:00,2022-07-09 08:20:00,L,21542.5,21649.5,21180.972613765593,21766.85,0.296,0.23,time,96
2022-07-09 12:15:00,2022-07-09 14:05:00,L,21492.0,21649.675,21178.1847857814,21649.675,0.502,0.427,tp,22
2022-07-10 21:20:00,2022-07-10 22:00:00,S,21095.0,20944.75,21343.87297986395,20944.75,0.604,0.51,tp,8
2022-07-15 16:30:00,2022-07-15 17:05:00,L,20696.0,20827.175,20446.67838488517,20827.175,0.526,0.435,tp,7
2022-07-17 13:25:00,2022-07-17 17:55:00,L,21240.5,20940.518285399983,20940.518285399983,21362.75,-1.0,-1.078,sl,54
2022-07-20 20:25:00,2022-07-20 21:40:00,L,23142.5,23594.65,22411.453314935545,23594.65,0.618,0.584,tp,15
2022-07-24 22:50:00,2022-07-24 22:50:00,S,22889.0,22811.225,23175.281444182285,22811.225,0.272,0.184,tp,0
2022-07-25 20:20:00,2022-07-25 22:20:00,S,22075.5,21811.25,22513.758930438067,21811.25,0.603,0.548,tp,24
2022-07-26 21:20:00,2022-07-26 21:25:00,S,21016.5,20932.575,21271.38567128047,20932.575,0.329,0.239,tp,1
2022-07-27 07:25:00,2022-07-27 09:55:00,S,21347.0,21246.675,21587.909138688567,21246.675,0.416,0.319,tp,30
2022-07-28 12:45:00,2022-07-28 12:45:00,L,22918.0,23007.1,22323.704430358608,23007.1,0.15,0.108,tp,0
2022-07-31 18:20:00,2022-07-31 18:25:00,S,23991.0,23782.675,24367.15531409026,23782.675,0.554,0.484,tp,1
2022-08-04 13:55:00,2022-08-04 14:15:00,S,23045.0,22909.45,23377.617664569992,22909.45,0.408,0.331,tp,4
2022-08-07 23:25:00,2022-08-08 00:10:00,L,23111.5,23222.55,22947.32030547562,23222.55,0.676,0.522,tp,9
2022-08-10 11:35:00,2022-08-10 11:45:00,S,23077.5,23061.575,23286.383044924787,23061.575,0.076,-0.045,tp,2
2022-08-12 10:00:00,2022-08-12 10:00:00,S,23970.5,23966.45,24234.08259547431,23966.45,0.015,-0.085,tp,0
2022-08-18 10:10:00,2022-08-18 13:35:00,S,23518.5,23449.75,23645.069230625893,23449.75,0.543,0.339,tp,41
2022-08-24 22:15:00,2022-08-24 23:40:00,L,21557.5,21365.333865552013,21365.333865552013,21655.075,-1.0,-1.123,sl,17
2022-08-30 19:30:00,2022-08-30 21:55:00,S,19961.0,19801.375,20304.434452088746,19801.375,0.465,0.401,tp,29
2022-09-04 17:10:00,2022-09-05 00:00:00,S,19864.0,20031.920340809756,20031.920340809756,19780.875,-1.0,-1.13,sl,82
2022-09-07 13:15:00,2022-09-07 16:45:00,S,18810.0,18974.65321481888,18974.65321481888,18742.225,-1.0,-1.126,sl,42
2022-09-08 13:20:00,2022-09-08 13:35:00,L,19099.0,19210.625,18841.146517084053,19210.625,0.433,0.351,tp,3
2022-09-10 08:05:00,2022-09-10 13:55:00,L,21323.5,21120.334151247647,21120.334151247647,21444.45,-1.0,-1.115,sl,70
2022-09-12 16:00:00,2022-09-12 17:15:00,L,22107.5,22274.275,21785.947962478433,22274.275,0.519,0.443,tp,15
2022-09-14 02:30:00,2022-09-14 04:25:00,S,20388.0,20289.65,20631.27673155329,20289.65,0.404,0.312,tp,23
2022-09-14 22:05:00,2022-09-15 01:10:00,S,20145.0,19987.25,20403.577378902,19987.25,0.61,0.524,tp,37
2022-09-29 06:25:00,2022-09-29 09:30:00,L,19360.5,19471.8,19159.005426543245,19471.8,0.552,0.447,tp,37
2022-10-02 16:30:00,2022-10-02 18:10:00,S,19192.0,19137.15,19285.281181132083,19137.15,0.588,0.362,tp,20
2022-10-10 13:10:00,2022-10-10 13:30:00,S,19396.0,19356.45,19496.048441301282,19356.45,0.395,0.182,tp,4
2022-10-12 06:50:00,2022-10-12 07:25:00,S,19152.0,19110.125,19236.028449412795,19110.125,0.498,0.248,tp,7
2022-10-16 08:35:00,2022-10-16 09:20:00,S,19159.5,19131.6,19214.8892938766,19131.6,0.504,0.123,tp,9
2022-10-16 22:05:00,2022-10-16 22:10:00,L,19193.0,19274.7,18992.643241774054,19274.7,0.408,0.302,tp,1
2022-10-22 03:00:00,2022-10-22 03:55:00,L,19123.0,19142.15,19093.100952932662,19142.15,0.64,-0.063,tp,11
2022-11-01 03:05:00,2022-11-01 03:10:00,S,20554.5,20514.3,20633.062607999997,20514.3,0.512,0.224,tp,1
2022-11-02 17:05:00,2022-11-02 17:50:00,S,20473.5,20414.425,20606.658461008104,20414.425,0.444,0.275,tp,9
2022-11-03 01:15:00,2022-11-03 01:40:00,S,20192.0,20278.758285403506,20278.758285403506,20163.875,-1.0,-1.256,sl,5
2022-11-05 08:25:00,2022-11-05 11:00:00,L,21315.0,21366.075,21211.504750210286,21366.075,0.494,0.267,tp,31
2022-11-06 05:40:00,2022-11-06 08:00:00,L,21184.5,21213.65,21130.398037893574,21213.65,0.539,0.108,tp,28
2022-11-10 15:15:00,2022-11-10 15:30:00,S,17674.0,17523.475,18507.51758878423,17523.475,0.181,0.157,tp,3
2022-11-13 11:40:00,2022-11-13 15:20:00,S,16653.0,16578.4,16841.62395245292,16578.4,0.395,0.298,tp,44
2022-11-15 05:50:00,2022-11-15 07:00:00,L,16678.0,16744.65,16561.160793696356,16744.65,0.57,0.413,tp,14
2022-11-16 08:45:00,2022-11-16 12:25:00,L,16751.5,16576.864828088612,16576.864828088612,16815.525,-1.0,-1.106,sl,44
2022-11-21 13:30:00,2022-11-21 15:45:00,S,16202.0,16105.775,16385.71061460994,16105.775,0.524,0.427,tp,27
2022-11-28 17:10:00,2022-11-28 18:05:00,S,16273.0,16156.125,16560.13234599229,16156.125,0.407,0.345,tp,11
2022-12-01 05:50:00,2022-12-01 12:10:00,L,17091.5,17124.8,17019.439768696433,17124.8,0.462,0.201,tp,76
2022-12-01 21:15:00,2022-12-01 21:50:00,L,16893.0,16933.675,16821.91073346533,16933.675,0.572,0.311,tp,7
2022-12-02 13:20:00,2022-12-02 13:20:00,S,17065.0,17015.125,17171.698638685262,17015.125,0.467,0.292,tp,0
2022-12-03 06:25:00,2022-12-03 11:05:00,L,16980.5,16905.16209169109,16905.16209169109,16997.575,-1.0,-1.248,sl,56
2022-12-08 12:10:00,2022-12-08 13:00:00,S,16835.0,16815.95,16954.278978483457,16815.95,0.16,0.004,tp,10
2022-12-15 02:10:00,2022-12-15 03:40:00,L,17630.5,17734.275,17440.69632043734,17734.275,0.547,0.445,tp,18
2022-12-15 09:05:00,2022-12-15 09:45:00,L,17637.5,17676.325,17558.695378580964,17676.325,0.493,0.246,tp,8
2022-12-17 23:15:00,2022-12-18 00:25:00,S,16737.0,16715.825,16817.34836090768,16715.825,0.264,0.034,tp,14
2022-12-20 01:40:00,2022-12-20 02:40:00,S,16538.0,16679.731338380825,16679.731338380825,16461.2,-1.0,-1.128,sl,12
2022-12-25 02:50:00,2022-12-25 05:15:00,L,16829.0,16815.387456507204,16815.387456507204,16837.0,-1.0,-2.36,sl,29
2022-12-26 08:25:00,2022-12-26 09:30:00,L,16832.0,16840.25,16804.496865258825,16840.25,0.3,-0.373,tp,13
2022-12-28 14:55:00,2022-12-28 15:25:00,S,16717.5,16663.675,16843.668831785213,16663.675,0.427,0.281,tp,6
2022-12-31 08:50:00,2022-12-31 08:55:00,S,16579.5,16569.45,16605.159293283294,16569.45,0.392,-0.319,tp,1
2023-01-02 13:50:00,2023-01-02 14:35:00,L,16698.5,16668.09786206249,16668.09786206249,16719.475,-1.0,-1.604,sl,9
2023-01-03 00:10:00,2023-01-03 00:30:00,L,16680.0,16696.7,16617.881590237008,16696.7,0.269,-0.027,tp,4
2023-01-05 07:35:00,2023-01-05 07:50:00,L,16802.5,16812.725,16776.785319259052,16812.725,0.398,-0.321,tp,3
2023-01-05 14:05:00,2023-01-05 14:15:00,L,16784.5,16804.3,16720.136225085604,16804.3,0.308,0.021,tp,2
2023-01-07 16:50:00,2023-01-07 17:35:00,L,16914.5,16925.225,16901.26471992218,16925.225,0.81,-0.595,tp,9
2023-01-08 00:50:00,2023-01-08 03:45:00,L,16920.5,16933.675,16895.035564360467,16933.675,0.517,-0.214,tp,35
2023-01-15 00:50:00,2023-01-15 08:50:00,L,20762.5,20653.0,20413.11668796967,20928.775,-0.313,-0.379,time,96
2023-01-16 08:20:00,2023-01-16 16:20:00,L,20821.0,21023.0,20436.069569941355,21063.4,0.525,0.465,time,96
2023-01-24 09:50:00,2023-01-24 12:25:00,L,22875.0,22976.825,22612.171680129075,22976.825,0.387,0.292,tp,31
2023-01-26 06:40:00,2023-01-26 12:35:00,L,23038.5,23128.55,22794.22230306718,23128.55,0.369,0.265,tp,71
2023-01-30 08:35:00,2023-01-30 09:00:00,L,23562.5,23410.60378887809,23410.60378887809,23641.775,-1.0,-1.171,sl,5
2023-02-07 06:35:00,2023-02-07 06:55:00,S,22942.0,22915.9,23024.022805804645,22915.9,0.318,0.011,tp,4
2023-02-07 10:05:00,2023-02-07 14:35:00,S,22997.5,22930.45,23118.548098337506,22930.45,0.554,0.345,tp,54
2023-02-08 05:50:00,2023-02-08 07:25:00,L,23218.5,23240.775,23154.653732385686,23240.775,0.349,-0.051,tp,19
2023-02-16 07:15:00,2023-02-16 13:35:00,L,24629.5,24677.165,24380.739129686423,24677.165,0.192,0.083,tp,76
2023-02-16 14:10:00,2023-02-16 15:15:00,L,24464.0,24551.495,24109.129433801707,24551.495,0.247,0.171,tp,13
2023-02-17 22:20:00,2023-02-17 22:35:00,L,24346.0,24629.635000000002,23691.331643998503,24629.635000000002,0.433,0.392,tp,3
2023-02-18 11:05:00,2023-02-18 11:30:00,L,24485.6,24528.685,24375.489966050747,24528.685,0.391,0.147,tp,5
2023-02-19 08:05:00,2023-02-19 10:25:00,L,24599.0,24636.63,24477.17933128138,24636.63,0.309,0.087,tp,28
2023-02-21 09:05:00,2023-02-21 16:15:00,L,24759.9,24311.9991734778,24311.9991734778,24946.785,-1.0,-1.061,sl,86
2023-02-21 18:10:00,2023-02-21 20:25:00,S,24650.0,24468.954999999998,24957.52031548206,24468.954999999998,0.589,0.501,tp,27
2023-02-24 12:25:00,2023-02-24 12:30:00,S,23888.4,23882.965000000004,24079.784740309788,23882.965000000004,0.028,-0.109,tp,1
2023-02-26 14:20:00,2023-02-26 14:35:00,S,23233.6,23181.274999999998,23370.257349695272,23181.274999999998,0.383,0.196,tp,3
2023-02-26 22:40:00,2023-02-26 23:05:00,L,23371.7,23532.719999999998,23123.936317457108,23532.719999999998,0.65,0.546,tp,5
2023-03-01 13:40:00,2023-03-01 14:40:00,L,23674.1,23712.795000000002,23516.533261374225,23712.795000000002,0.246,0.08,tp,12
2023-03-03 09:10:00,2023-03-03 09:20:00,S,22405.7,22380.58,22524.152280469807,22380.58,0.212,0.004,tp,2
2023-03-10 16:40:00,2023-03-10 17:00:00,S,20125.3,19956.45,20548.109682850405,19956.45,0.399,0.347,tp,4
2023-03-13 09:05:00,2023-03-13 09:35:00,L,22189.9,21907.376466859227,21907.376466859227,22354.345,-1.0,-1.086,sl,6
2023-03-14 19:05:00,2023-03-14 19:15:00,L,25109.0,24417.906543719066,24417.906543719066,25474.980000000003,-1.0,-1.04,sl,2
2023-03-15 09:50:00,2023-03-15 11:20:00,L,24615.0,24294.600637023203,24294.600637023203,24757.745000000003,-1.0,-1.085,sl,18
2023-03-15 11:35:00,2023-03-15 11:35:00,L,24364.3,24507.445,23939.631908588726,24507.445,0.337,0.274,tp,0
2023-03-18 15:50:00,2023-03-18 16:30:00,L,27216.4,26705.287090453883,26705.287090453883,27404.210000000003,-1.0,-1.059,sl,8
2023-03-18 23:15:00,2023-03-19 00:30:00,L,26990.0,27100.02,26545.35969290508,27100.02,0.247,0.181,tp,15
2023-03-19 07:15:00,2023-03-19 08:20:00,L,26910.1,27004.075,26653.83783817804,27004.075,0.367,0.251,tp,13
2023-03-20 01:15:00,2023-03-20 02:40:00,L,27745.8,27317.97420746328,27317.97420746328,27931.75,-1.0,-1.071,sl,17
2023-03-20 02:50:00,2023-03-20 06:50:00,L,27392.0,27642.325,26871.551676617044,27642.325,0.481,0.423,tp,48
2023-03-23 19:10:00,2023-03-23 19:45:00,L,27868.9,28149.410000000003,27298.64153923614,28149.410000000003,0.492,0.438,tp,7
2023-03-25 16:00:00,2023-03-25 17:15:00,S,27636.7,27569.185000000005,27930.1596291359,27569.185000000005,0.23,0.126,tp,15
2023-03-26 01:00:00,2023-03-26 04:05:00,S,27514.9,27463.3,27694.171682864446,27463.3,0.288,0.119,tp,37
2023-04-01 06:40:00,2023-04-01 14:40:00,L,28445.0,28283.639005582136,28283.639005582136,28508.694999999996,-1.0,-1.194,sl,96
2023-04-04 07:05:00,2023-04-04 08:20:00,S,28044.1,27927.460000000003,28315.983291462868,27927.460000000003,0.429,0.316,tp,15
2023-04-18 08:00:00,2023-04-18 08:25:00,S,29774.4,29713.46,29915.410745379348,29713.46,0.432,0.2,tp,5
2023-04-19 02:25:00,2023-04-19 05:40:00,L,30199.9,30271.74,29997.44499718473,30271.74,0.355,0.191,tp,39
2023-04-19 14:20:00,2023-04-19 15:30:00,S,29390.0,29284.819999999996,29605.571399715314,29284.819999999996,0.488,0.338,tp,14
2023-04-22 15:10:00,2023-04-22 16:10:00,S,27415.3,27668.127109757464,27668.127109757464,27311.329999999998,-1.0,-1.119,sl,12
2023-05-02 14:35:00,2023-05-02 22:35:00,S,28377.9,28720.7,28907.869258275463,28084.420000000002,-0.647,-0.706,time,96
2023-05-06 18:30:00,2023-05-06 21:05:00,S,28854.9,28757.464999999997,29055.083215651677,28757.464999999997,0.487,0.328,tp,31
2023-05-10 00:35:00,2023-05-10 06:00:00,S,27717.3,27622.954999999998,27889.613350569347,27622.954999999998,0.548,0.371,tp,65
2023-05-13 01:30:00,2023-05-13 02:10:00,S,26905.2,26780.0,27137.837494217427,26780.0,0.538,0.411,tp,8
2023-05-14 12:35:00,2023-05-14 12:40:00,L,26759.5,26789.15,26682.528114626817,26789.15,0.385,0.003,tp,1
2023-05-18 06:05:00,2023-05-18 06:20:00,L,27232.2,27143.542971893658,27143.542971893658,27274.585,-1.0,-1.338,sl,3
2023-05-18 21:50:00,2023-05-19 01:30:00,S,26933.5,26776.3,27207.50006741632,26776.3,0.574,0.466,tp,44
2023-05-19 12:20:00,2023-05-19 13:50:00,S,26899.7,26836.28,27059.3443779733,26836.28,0.397,0.212,tp,18
2023-05-19 15:30:00,2023-05-19 15:30:00,S,26863.6,26831.315000000002,27319.122138976687,26831.315000000002,0.071,0.006,tp,0
2023-05-20 12:25:00,2023-05-20 13:05:00,S,26895.2,26877.245000000003,26946.949106962355,26877.245000000003,0.347,-0.225,tp,8
2023-05-21 08:15:00,2023-05-21 09:25:00,L,27056.5,27060.18,26993.578713017978,27060.18,0.058,-0.415,tp,14
2023-05-29 15:40:00,2023-05-29 23:10:00,L,27704.0,27805.810000000005,27425.250381993454,27805.810000000005,0.365,0.256,tp,90
2023-06-01 09:10:00,2023-06-01 11:10:00,S,26900.0,26831.610000000004,27003.138398233044,26831.610000000004,0.663,0.376,tp,24
2023-06-01 17:05:00,2023-06-01 19:25:00,S,27014.8,26905.190000000002,27353.472597840224,26905.190000000002,0.324,0.236,tp,28
2023-06-06 14:15:00,2023-06-06 17:15:00,S,25903.5,26494.94365965687,26494.94365965687,25609.379999999997,-1.0,-1.048,sl,36
2023-06-07 02:45:00,2023-06-07 03:30:00,L,27001.0,26796.36949304361,26796.36949304361,27048.434999999998,-1.0,-1.145,sl,9
2023-06-07 10:10:00,2023-06-07 11:20:00,L,26549.8,26698.954999999998,26166.64970451929,26698.954999999998,0.389,0.313,tp,14
2023-06-10 17:50:00,2023-06-10 18:20:00,S,25962.4,25715.395,26431.813608924553,25715.395,0.526,0.465,tp,6
2023-06-11 16:30:00,2023-06-11 17:05:00,S,25824.1,25985.862123821404,25985.862123821404,25757.985,-1.0,-1.176,sl,7
2023-06-17 12:10:00,2023-06-17 12:20:00,L,26485.1,26557.285000000003,26290.625329742226,26557.285000000003,0.371,0.221,tp,2
2023-06-23 02:15:00,2023-06-23 02:55:00,L,29866.0,29977.085,29661.529653236285,29977.085,0.543,0.383,tp,8
2023-06-24 21:20:00,2023-06-24 21:35:00,L,30492.8,30550.645,30284.006191190467,30550.645,0.277,0.116,tp,3
2023-06-28 00:30:00,2023-06-28 00:55:00,L,30515.1,30605.464999999997,30303.45932644688,30605.464999999997,0.427,0.268,tp,5
2023-07-04 04:50:00,2023-07-04 06:00:00,L,31055.0,30881.932916541682,30881.932916541682,31157.160000000003,-1.0,-1.197,sl,14
2023-07-04 08:05:00,2023-07-04 09:10:00,L,30942.2,30987.325,30827.679339752973,30987.325,0.394,0.097,tp,13
2023-07-06 05:50:00,2023-07-06 06:45:00,S,30540.3,30674.171775391096,30674.171775391096,30480.305,-1.0,-1.251,sl,11
2023-07-07 05:45:00,2023-07-07 06:20:00,S,30233.1,30121.79,30419.330990200513,30121.79,0.598,0.419,tp,7
2023-07-14 08:05:00,2023-07-14 08:35:00,L,31149.0,31242.915,30925.44867785546,31242.915,0.42,0.267,tp,6
2023-07-25 13:50:00,2023-07-25 14:50:00,S,29229.2,29141.735000000004,29444.051992305547,29141.735000000004,0.407,0.257,tp,12
2023-07-26 03:15:00,2023-07-26 06:45:00,S,29295.9,29174.025,29489.246195270447,29174.025,0.63,0.464,tp,42
2023-07-26 23:50:00,2023-07-27 02:55:00,L,29324.3,29414.525,29157.6265077606,29414.525,0.541,0.348,tp,37
2023-07-29 07:00:00,2023-07-29 07:40:00,L,29333.6,29297.875219047753,29297.875219047753,29338.620000000003,-1.0,-1.903,sl,8
2023-08-02 07:05:00,2023-08-02 07:10:00,L,29587.9,29619.325,29487.897226410227,29619.325,0.314,-0.011,tp,1
2023-08-02 13:20:00,2023-08-02 14:05:00,L,29440.0,29321.73074613907,29321.73074613907,29501.85,-1.0,-1.274,sl,9
2023-08-06 08:00:00,2023-08-06 08:45:00,S,29083.9,29113.333230558077,29113.333230558077,29063.239999999998,-1.0,-2.087,sl,9
2023-08-10 14:10:00,2023-08-10 14:15:00,S,29660.0,29585.295000000002,29836.675931977075,29585.295000000002,0.423,0.238,tp,1
2023-08-11 00:35:00,2023-08-11 01:35:00,S,29466.5,29449.135,29492.59894647837,29449.135,0.665,-0.577,tp,12
2023-08-24 13:55:00,2023-08-24 14:05:00,L,26324.3,26368.215000000004,26175.5898235796,26368.215000000004,0.295,0.101,tp,2
2023-08-24 23:55:00,2023-08-25 01:10:00,S,26127.9,26106.19,26233.59485861941,26106.19,0.205,-0.067,tp,15
2023-08-25 13:40:00,2023-08-25 13:45:00,S,26150.5,26119.730000000003,26303.353391249897,26119.730000000003,0.201,0.013,tp,1
2023-08-27 04:45:00,2023-08-27 05:05:00,S,26008.1,26023.0310566689,26023.0310566689,26006.44,-1.0,-2.916,sl,4
2023-08-27 18:05:00,2023-08-27 19:05:00,L,26064.9,26123.785,25983.74265879302,26123.785,0.726,0.372,tp,12
2023-08-30 01:20:00,2023-08-30 03:20:00,L,27551.5,27313.653493166832,27313.653493166832,27659.629999999997,-1.0,-1.127,sl,24
2023-08-30 09:35:00,2023-08-30 09:50:00,L,27345.8,27422.82,27220.566320087168,27422.82,0.615,0.375,tp,3
2023-08-30 15:10:00,2023-08-30 21:10:00,L,27133.8,27283.47,26735.83716444435,27283.47,0.376,0.301,tp,72
2023-09-01 02:55:00,2023-09-01 06:20:00,S,26057.3,26007.175,26152.353414179262,26007.175,0.527,0.226,tp,41
2023-09-01 12:25:00,2023-09-01 12:40:00,S,26093.8,26020.915,26219.310650664855,26020.915,0.581,0.352,tp,3
2023-09-02 05:35:00,2023-09-02 05:50:00,S,25817.7,25783.93,25884.63257975342,25783.93,0.505,0.08,tp,3
2023-09-03 05:40:00,2023-09-03 05:40:00,S,25876.2,25865.885000000002,25903.03019589185,25865.885000000002,0.384,-0.676,tp,0
2023-09-03 18:30:00,2023-09-03 20:50:00,S,25909.4,26079.26258162591,26079.26258162591,25867.555,-1.0,-1.168,sl,28
2023-09-05 15:25:00,2023-09-05 15:25:00,S,25776.2,25721.285,26011.366786700957,25721.285,0.234,0.113,tp,0
2023-09-09 15:15:00,2023-09-09 23:15:00,S,25866.0,25886.4,25947.984214646774,25830.985,-0.249,-0.596,time,96
2023-09-10 20:30:00,2023-09-11 00:35:00,S,25836.8,25749.46,26066.685324218117,25749.46,0.38,0.256,tp,49
2023-09-13 00:10:00,2023-09-13 00:30:00,L,25826.8,25888.9,25608.864133382634,25888.9,0.285,0.155,tp,4
2023-09-17 01:15:00,2023-09-17 01:50:00,L,26456.4,26502.410000000003,26325.55629914063,26502.410000000003,0.352,0.129,tp,7
2023-09-17 08:05:00,2023-09-17 08:30:00,L,26499.3,26519.289999999997,26452.410411524408,26519.289999999997,0.426,-0.195,tp,5
2023-09-19 14:10:00,2023-09-19 14:15:00,L,27013.9,27118.114999999998,26704.557196239188,27118.114999999998,0.337,0.241,tp,1
2023-09-23 18:25:00,2023-09-23 20:20:00,S,26608.1,26586.695,26649.461638864293,26586.695,0.518,-0.19,tp,23
2023-09-25 15:35:00,2023-09-25 16:15:00,S,26221.3,26390.10224832384,26390.10224832384,26151.345,-1.0,-1.171,sl,8
2023-09-25 16:25:00,2023-09-25 17:25:00,S,26327.8,26224.129999999997,26554.09996447551,26224.129999999997,0.458,0.33,tp,12
2023-10-02 18:50:00,2023-10-02 21:50:00,L,27799.8,27366.729786408578,27366.729786408578,27985.610000000004,-1.0,-1.071,sl,36
2023-10-05 07:45:00,2023-10-05 08:35:00,L,27577.2,27617.145,27467.10879667117,27617.145,0.363,0.087,tp,10
2023-10-08 13:20:00,2023-10-08 13:20:00,L,27810.0,27813.195,27625.922552814158,27813.195,0.017,-0.149,tp,0
2023-10-10 07:20:00,2023-10-10 10:35:00,S,27661.0,27626.385,27742.234442010107,27626.385,0.426,0.052,tp,39
2023-10-11 10:05:00,2023-10-11 12:30:00,S,27245.8,27135.21,27434.53372379069,27135.21,0.586,0.427,tp,29
2023-10-15 13:35:00,2023-10-15 13:45:00,S,26893.7,26844.43,27010.65643049901,26844.43,0.421,0.168,tp,2
2023-10-20 12:55:00,2023-10-20 20:55:00,L,29469.0,29568.2,28975.49939722814,29789.795000000002,0.201,0.135,time,96
2023-10-22 22:10:00,2023-10-22 22:15:00,L,29767.8,29803.339999999997,29625.83498836663,29803.339999999997,0.25,0.02,tp,1
2023-10-25 07:55:00,2023-10-25 09:10:00,L,33866.6,34065.315,33417.335573925644,34065.315,0.442,0.359,tp,15
2023-10-26 06:15:00,2023-10-26 06:50:00,L,34500.0,34621.95,34255.19640107526,34621.95,0.498,0.343,tp,7
2023-10-26 11:00:00,2023-10-26 14:35:00,L,34291.3,33912.63365087081,33912.63365087081,34409.615000000005,-1.0,-1.1,sl,43
2023-10-27 08:05:00,2023-10-27 08:45:00,L,33991.6,34130.34,33749.66010596877,34130.34,0.573,0.419,tp,8
2023-11-02 13:50:00,2023-11-02 16:30:00,L,34999.9,34346.71046792702,34346.71046792702,35297.185000000005,-1.0,-1.059,sl,32
2023-11-05 14:15:00,2023-11-05 17:05:00,L,34892.9,35063.255,34598.316811972385,35063.255,0.578,0.448,tp,34
2023-11-12 12:40:00,2023-11-12 13:15:00,L,37046.0,37098.74,36908.46512054895,37098.74,0.383,0.087,tp,7
2023-11-12 23:30:00,2023-11-13 00:45:00,L,37056.0,37169.985,36858.515027677146,37169.985,0.577,0.371,tp,15
2023-11-13 16:35:00,2023-11-13 17:00:00,S,36968.3,36862.535,37292.10958371569,36862.535,0.327,0.201,tp,5
2023-11-16 02:10:00,2023-11-16 10:10:00,L,37484.3,37397.8,37120.97108997088,37675.284999999996,-0.238,-0.352,time,96
2023-11-20 03:50:00,2023-11-20 07:55:00,L,37124.5,37267.95,36916.20735099485,37267.95,0.689,0.493,tp,49
2023-11-21 05:15:00,2023-11-21 07:05:00,L,37422.1,37298.05959348548,37298.05959348548,37462.145000000004,-1.0,-1.332,sl,22
2023-11-21 07:35:00,2023-11-21 08:25:00,L,37315.1,37368.67,37151.42685893793,37368.67,0.327,0.077,tp,10
2023-11-22 09:50:00,2023-11-22 11:35:00,S,36649.7,36539.509999999995,36887.72883594528,36539.509999999995,0.463,0.294,tp,21
2023-11-26 11:05:00,2023-11-26 12:00:00,L,37735.1,37669.67266761037,37669.67266761037,37748.625,-1.0,-1.634,sl,11
2023-12-12 07:55:00,2023-12-12 10:30:00,S,41995.7,41732.3,42362.30871024849,41732.3,0.718,0.592,tp,31
2023-12-15 03:40:00,2023-12-15 05:00:00,L,42784.0,42890.07,42406.36161481823,42890.07,0.281,0.156,tp,16
2023-12-16 04:05:00,2023-12-16 06:20:00,S,42339.9,42218.075,42594.50533781975,42218.075,0.478,0.296,tp,27
2023-12-27 08:50:00,2023-12-27 10:20:00,S,42695.3,42973.58453726304,42973.58453726304,42551.585,-1.0,-1.169,sl,18
2023-12-30 14:10:00,2023-12-30 15:50:00,S,42175.9,42473.58233466012,42473.58233466012,42018.770000000004,-1.0,-1.156,sl,20
2024-01-02 11:50:00,2024-01-02 12:30:00,L,45400.1,45606.32,44954.47623328612,45606.32,0.463,0.351,tp,8
2024-01-02 15:25:00,2024-01-02 23:25:00,L,45152.1,45014.9,44314.72023392418,45474.22,-0.164,-0.223,time,96
2024-01-13 05:55:00,2024-01-13 09:20:00,S,43060.0,42880.955,43384.157207660115,42880.955,0.552,0.406,tp,41
2024-01-15 03:35:00,2024-01-15 11:35:00,S,42594.8,42596.0,42918.476733256946,42393.03,-0.004,-0.148,time,96
2024-01-15 14:00:00,2024-01-15 14:05:00,S,42866.3,42720.634999999995,43177.11831452263,42720.634999999995,0.469,0.317,tp,1
2024-01-17 20:45:00,2024-01-17 20:55:00,S,42757.5,42671.33,43115.61149278571,42671.33,0.241,0.109,tp,2
2024-01-27 08:25:00,2024-01-27 08:45:00,L,41602.8,41654.825,41404.751567904714,41654.825,0.263,0.032,tp,4
2024-02-03 15:15:00,2024-02-03 15:25:00,L,42952.6,43025.604999999996,42751.13942972556,43025.604999999996,0.362,0.128,tp,2
2024-02-10 11:05:00,2024-02-10 11:25:00,L,46974.1,47088.7,46647.0041746341,47088.7,0.35,0.192,tp,4
2024-02-12 10:10:00,2024-02-12 10:30:00,L,47902.6,48060.354999999996,47475.260493189046,48060.354999999996,0.369,0.246,tp,4
2024-02-15 06:00:00,2024-02-15 09:15:00,L,51996.6,52189.259999999995,51602.15269180753,52189.259999999995,0.488,0.343,tp,39
2024-02-29 16:50:00,2024-02-29 17:40:00,L,62107.8,60760.58373797327,60760.58373797327,62703.19499999999,-1.0,-1.051,sl,10
2024-03-05 08:15:00,2024-03-05 08:50:00,L,66520.0,66929.80500000001,64700.66834615715,66929.80500000001,0.225,0.185,tp,7
2024-03-06 12:55:00,2024-03-06 14:05:00,L,66171.6,66925.15,63816.9583334831,66925.15,0.32,0.289,tp,14
2024-03-10 14:50:00,2024-03-10 15:00:00,L,69267.9,69495.47,68360.7584576218,69495.47,0.251,0.167,tp,2
2024-03-12 03:35:00,2024-03-12 06:50:00,L,71863.9,72236.45999999999,70989.49743053534,72236.45999999999,0.426,0.336,tp,39
2024-03-13 14:00:00,2024-03-13 14:10:00,L,72275.8,72782.265,70923.45441884676,72782.265,0.375,0.316,tp,2
2024-03-14 11:20:00,2024-03-14 13:30:00,L,72954.8,72252.27137605895,72252.27137605895,73172.35500000001,-1.0,-1.114,sl,26
2024-03-17 10:40:00,2024-03-17 12:45:00,S,66966.9,66703.095,67902.04040661905,66703.095,0.282,0.203,tp,25
2024-03-18 08:35:00,2024-03-18 09:20:00,L,67800.1,68184.405,66899.85749498339,68184.405,0.427,0.344,tp,9
2024-03-19 15:55:00,2024-03-19 17:05:00,S,63985.1,65445.443732177024,65445.443732177024,63126.93999999999,-1.0,-1.048,sl,14
2024-03-21 15:40:00,2024-03-21 16:25:00,L,66344.1,66795.20999999999,65196.57155237579,66795.20999999999,0.393,0.33,tp,9
2024-03-24 17:15:00,2024-03-24 17:40:00,L,64869.9,65479.240000000005,63897.120726477224,65479.240000000005,0.626,0.553,tp,5
2024-03-25 21:35:00,2024-03-25 22:40:00,L,70040.0,70670.12000000001,68912.90308106266,70670.12000000001,0.559,0.491,tp,13
2024-03-27 07:40:00,2024-03-27 10:25:00,L,69944.8,70253.53,69303.62186608718,70253.53,0.482,0.362,tp,33
2024-03-27 14:15:00,2024-03-27 22:15:00,L,69293.1,69098.0,66869.6676396981,70474.225,-0.081,-0.112,time,96
2024-04-03 22:55:00,2024-04-04 00:00:00,S,66170.1,65939.3,66611.3426602187,65939.3,0.523,0.358,tp,13
2024-04-09 01:25:00,2024-04-09 02:15:00,L,71208.2,71493.95,70425.39029693557,71493.95,0.365,0.265,tp,10
2024-04-11 12:05:00,2024-04-11 12:30:00,L,70112.8,70456.375,69426.50828236272,70456.375,0.501,0.388,tp,5
2024-04-15 12:05:00,2024-04-15 13:45:00,L,66010.3,66249.865,65325.91184303809,66249.865,0.35,0.244,tp,20
2024-04-18 18:20:00,2024-04-18 18:40:00,L,62599.9,63132.01000000001,61560.11255644547,63132.01000000001,0.512,0.446,tp,4
2024-04-21 16:25:00,2024-04-21 21:00:00,L,64502.0,64855.990000000005,63769.81633846428,64855.990000000005,0.483,0.387,tp,55
2024-04-23 04:35:00,2024-04-23 05:35:00,L,66348.5,66532.81499999999,65869.04541225267,66532.81499999999,0.384,0.232,tp,12
2024-05-01 23:55:00,2024-05-02 00:30:00,S,58218.7,58016.18000000001,58937.11979192945,58016.18000000001,0.282,0.193,tp,7
2024-05-02 11:25:00,2024-05-02 12:15:00,S,58268.9,58999.13672475478,58999.13672475478,57850.17999999999,-1.0,-1.088,sl,10
2024-05-03 07:05:00,2024-05-03 09:35:00,L,59309.5,59411.79,58941.47549873941,59411.79,0.278,0.101,tp,30
2024-05-05 20:35:00,2024-05-05 21:55:00,L,63651.6,63844.170000000006,63301.09234757694,63844.170000000006,0.549,0.35,tp,16
2024-05-16 16:45:00,2024-05-16 17:35:00,L,65357.6,64639.55796473298,64639.55796473298,65648.29000000001,-1.0,-1.1,sl,10
2024-05-20 07:05:00,2024-05-20 08:00:00,L,66476.0,66948.69499999999,65833.60106195328,66948.69499999999,0.736,0.622,tp,11
2024-05-21 16:05:00,2024-05-21 16:30:00,L,69942.2,70284.765,69129.6373213342,70284.765,0.422,0.327,tp,5
2024-05-21 19:40:00,2024-05-21 20:30:00,L,69460.9,69759.98000000001,68699.47066801891,69759.98000000001,0.393,0.292,tp,10
2024-05-23 21:15:00,2024-05-23 21:15:00,S,67877.1,67534.09,69308.49504280007,67534.09,0.24,0.187,tp,0
2024-05-24 14:40:00,2024-05-24 17:30:00,S,67912.1,68742.07125639092,68742.07125639092,67391.33499999999,-1.0,-1.09,sl,34
2024-05-25 00:00:00,2024-05-25 01:45:00,L,68580.0,68720.53,68343.76701726243,68720.53,0.595,0.276,tp,21
2024-05-26 12:30:00,2024-05-26 13:55:00,L,69050.2,69153.725,68840.0219459021,69153.725,0.493,0.131,tp,17
2024-05-27 20:05:00,2024-05-27 21:55:00,L,69512.0,69891.135,68658.47682179027,69891.135,0.444,0.355,tp,22
2024-05-28 09:55:00,2024-05-28 10:15:00,S,68370.5,68870.42010780101,68870.42010780101,68138.135,-1.0,-1.15,sl,4
2024-05-28 10:25:00,2024-05-28 11:35:00,S,68684.9,68317.57999999999,69333.5968868183,68317.57999999999,0.566,0.45,tp,14
2024-05-30 20:20:00,2024-05-31 04:20:00,L,68269.3,68577.2,67358.02711956015,68899.65,0.338,0.255,time,96
2024-05-31 20:00:00,2024-05-31 23:00:00,S,67705.9,67519.74,68375.2158358541,67519.74,0.278,0.167,tp,36
2024-06-04 06:15:00,2024-06-04 07:10:00,L,68945.1,69107.94499999999,68618.65203962984,69107.94499999999,0.499,0.267,tp,11
2024-06-09 13:05:00,2024-06-09 13:20:00,S,69650.1,69467.83,69957.27072950483,69467.83,0.593,0.344,tp,3
2024-06-11 20:00:00,2024-06-11 20:45:00,S,67383.6,67178.74,67920.5843525492,67178.74,0.382,0.243,tp,9
2024-06-14 21:45:00,2024-06-15 05:45:00,S,66108.6,66249.5,66972.84563391726,65825.525,-0.163,-0.247,time,96
2024-06-19 01:25:00,2024-06-19 01:30:00,S,65249.8,65098.875,65868.0218377123,65098.875,0.244,0.128,tp,1
2024-07-01 12:00:00,2024-07-01 12:05:00,L,62637.7,62746.740000000005,62326.97421573804,62746.740000000005,0.351,0.129,tp,1
2024-07-02 07:25:00,2024-07-02 12:40:00,L,62674.5,62846.520000000004,62362.44715978061,62846.520000000004,0.551,0.33,tp,63
2024-07-04 21:30:00,2024-07-04 22:30:00,S,58447.7,58274.829999999994,58936.40961164512,58274.829999999994,0.354,0.222,tp,12
2024-07-05 15:20:00,2024-07-05 23:20:00,S,56227.9,56718.6,57152.5536004527,55705.09500000001,-0.531,-0.598,time,96
2024-07-06 10:15:00,2024-07-06 12:45:00,S,56752.9,56558.41499999999,57112.89530143262,56558.41499999999,0.54,0.367,tp,30
2024-07-10 09:45:00,2024-07-10 10:35:00,L,58489.5,58640.454999999994,58016.17473568737,58640.454999999994,0.319,0.183,tp,10
2024-07-12 06:35:00,2024-07-12 07:20:00,S,57258.2,57067.235,57621.69503523549,57067.235,0.525,0.352,tp,9
2024-07-13 22:35:00,2024-07-13 22:40:00,L,58468.7,58592.259999999995,58100.45067411801,58592.259999999995,0.336,0.161,tp,1
2024-07-16 05:35:00,2024-07-16 05:50:00,L,64112.9,63512.17187526176,63512.17187526176,64459.045000000006,-1.0,-1.117,sl,3
2024-07-16 07:05:00,2024-07-16 10:40:00,L,63137.6,63592.31,62192.053479816874,63592.31,0.481,0.407,tp,43
2024-07-17 08:25:00,2024-07-17 08:30:00,L,65070.0,65318.655000000006,64340.40040990702,65318.655000000006,0.341,0.243,tp,1
2024-07-21 05:15:00,2024-07-21 06:15:00,L,66947.8,66650.96392456134,66650.96392456134,67086.23500000002,-1.0,-1.248,sl,12
2024-07-21 13:45:00,2024-07-21 14:10:00,L,66706.0,66859.56,66365.89263069312,66859.56,0.452,0.236,tp,5
2024-07-22 05:50:00,2024-07-22 06:35:00,L,67639.9,67266.6152326434,67266.6152326434,67797.50499999999,-1.0,-1.199,sl,9
2024-07-22 06:55:00,2024-07-22 11:55:00,L,67342.0,67568.565,66788.98991315404,67568.565,0.41,0.276,tp,60
2024-07-22 13:15:00,2024-07-22 13:15:00,S,67647.4,67554.315,68098.5136834572,67554.315,0.206,0.041,tp,0
2024-07-31 06:20:00,2024-07-31 14:20:00,S,66270.0,66287.0,66925.57796423984,65876.77,-0.026,-0.137,time,96
2024-08-01 12:25:00,2024-08-01 13:20:00,S,64734.5,64588.354999999996,65149.154027623685,64588.354999999996,0.352,0.181,tp,11
2024-08-02 11:10:00,2024-08-02 12:20:00,S,64680.9,64533.065,65222.68804162144,64533.065,0.273,0.142,tp,14
2024-08-04 11:35:00,2024-08-04 14:10:00,S,60825.1,60714.34500000001,61189.22382475023,60714.34500000001,0.304,0.12,tp,31
2024-08-09 05:10:00,2024-08-09 06:35:00,L,60830.4,61070.119999999995,60073.24818939386,61070.119999999995,0.317,0.228,tp,17
2024-08-10 13:25:00,2024-08-10 17:50:00,L,60619.8,60752.125,60266.60891977191,60752.125,0.375,0.186,tp,53
2024-08-15 11:35:00,2024-08-15 12:35:00,S,58682.0,59144.983241330956,59144.983241330956,58421.835,-1.0,-1.139,sl,12
2024-08-16 02:45:00,2024-08-16 10:45:00,S,58115.9,58396.5,59083.77903393772,57481.505000000005,-0.29,-0.356,time,96
2024-08-19 13:40:00,2024-08-19 13:45:00,S,58569.2,58492.45,59314.75812945883,58492.45,0.103,0.017,tp,1
2024-08-20 11:30:00,2024-08-20 12:20:00,L,60612.9,60695.72000000001,60243.96360072584,60695.72000000001,0.224,0.044,tp,10
2024-08-22 01:10:00,2024-08-22 02:45:00,L,60907.2,60420.93853548703,60420.93853548703,61008.865000000005,-1.0,-1.138,sl,19
2024-08-22 13:55:00,2024-08-22 13:55:00,L,60763.3,60845.030000000006,59844.98578802771,60845.030000000006,0.089,0.016,tp,0
2024-08-22 15:55:00,2024-08-22 16:20:00,L,60243.5,60452.534999999996,59556.18824037341,60452.534999999996,0.304,0.208,tp,5
2024-08-24 12:05:00,2024-08-24 12:05:00,L,64008.6,64110.759999999995,63628.88595975328,64110.759999999995,0.269,0.084,tp,0
2024-08-25 07:25:00,2024-08-25 07:25:00,L,63963.4,64008.395000000004,63669.10525368948,64008.395000000004,0.153,-0.086,tp,0
2024-08-28 10:05:00,2024-08-28 13:55:00,S,59872.8,59362.52999999999,60778.965792293115,59362.52999999999,0.563,0.49,tp,46
2024-08-28 19:10:00,2024-08-28 19:55:00,S,59366.0,58981.780000000006,60426.51634768475,58981.780000000006,0.362,0.301,tp,9
2024-08-29 11:40:00,2024-08-29 12:40:00,S,59999.9,60500.70339431997,60500.70339431997,59756.67,-1.0,-1.132,sl,12
2024-08-31 00:40:00,2024-08-31 00:55:00,S,59272.8,59178.205,59673.63976084242,59178.205,0.236,0.073,tp,3
2024-09-03 08:50:00,2024-09-03 10:15:00,L,58820.1,58972.134999999995,58434.41422639279,58972.134999999995,0.394,0.226,tp,17
2024-09-07 05:05:00,2024-09-07 05:05:00,S,53994.6,54176.29172765131,54176.29172765131,53865.29,-1.0,-1.327,sl,0
2024-09-07 13:00:00,2024-09-07 13:40:00,S,54546.3,54422.145000000004,54874.82057985635,54422.145000000004,0.378,0.195,tp,8
2024-09-08 02:35:00,2024-09-08 03:30:00,S,54377.4,54261.145000000004,54645.30801803898,54261.145000000004,0.434,0.211,tp,11
2024-09-08 09:20:00,2024-09-08 10:00:00,S,54465.1,54422.56,54833.94224782809,54422.56,0.115,-0.047,tp,8
2024-09-09 14:50:00,2024-09-09 15:30:00,L,54948.6,55323.05500000001,54072.377542325616,55323.05500000001,0.427,0.358,tp,8
2024-09-12 13:00:00,2024-09-12 14:10:00,L,57673.9,57962.63999999999,57114.08058666439,57962.63999999999,0.516,0.402,tp,14
2024-09-12 21:50:00,2024-09-12 22:30:00,L,57957.2,58085.875,57292.31723181043,58085.875,0.194,0.098,tp,8
2024-09-13 04:05:00,2024-09-13 05:35:00,L,57861.0,57969.530000000006,57623.334155722434,57969.530000000006,0.457,0.189,tp,18
2024-09-14 05:40:00,2024-09-14 05:55:00,L,60125.4,59891.52906824001,59891.52906824001,60198.78999999999,-1.0,-1.283,sl,3
2024-09-14 11:55:00,2024-09-14 12:25:00,L,59692.2,59790.77999999999,59366.41270969054,59790.77999999999,0.303,0.101,tp,6
2024-09-15 10:35:00,2024-09-15 12:30:00,L,59956.7,60011.244999999995,59763.60793605432,60011.244999999995,0.282,-0.059,tp,23
2024-09-17 04:55:00,2024-09-17 05:30:00,S,58212.4,58444.336124700916,58444.336124700916,58124.170000000006,-1.0,-1.276,sl,7
2024-09-18 10:05:00,2024-09-18 11:30:00,L,59748.2,59980.855,59330.24345399088,59980.855,0.557,0.399,tp,17
2024-09-20 13:20:00,2024-09-20 14:30:00,L,62968.7,63337.1,62348.695644482454,63337.1,0.594,0.482,tp,14
2024-09-22 02:25:00,2024-09-22 03:05:00,L,62931.3,63085.92999999999,62569.88551694432,63085.92999999999,0.428,0.236,tp,8
2024-09-22 22:15:00,2024-09-22 22:35:00,L,62625.4,63046.165,61868.57317934224,63046.165,0.556,0.465,tp,4
2024-09-25 06:40:00,2024-09-25 07:15:00,L,63949.7,63623.784523769624,63623.784523769624,64103.240000000005,-1.0,-1.216,sl,7
2024-09-25 07:25:00,2024-09-25 13:40:00,L,63771.4,63320.021801388786,63320.021801388786,63925.33999999999,-1.0,-1.155,sl,75
2024-09-29 05:55:00,2024-09-29 11:35:00,L,65563.8,65665.08,65364.17825020441,65665.08,0.507,0.146,tp,68
2024-10-01 06:30:00,2024-10-01 10:05:00,S,63948.5,63769.6,64245.489923656256,63769.6,0.602,0.366,tp,43
2024-10-04 01:35:00,2024-10-04 09:35:00,S,61014.8,61395.5,61687.29265024102,60672.735,-0.566,-0.666,time,96
2024-10-05 03:10:00,2024-10-05 04:35:00,L,61804.2,61955.204999999994,61520.59306629738,61955.204999999994,0.532,0.293,tp,17
2024-10-07 11:15:00,2024-10-07 11:55:00,L,62900.5,63017.8,62454.54340896344,63017.8,0.263,0.108,tp,8
2024-10-11 02:05:00,2024-10-11 09:15:00,S,60433.0,60940.62650560303,60940.62650560303,60220.11,-1.0,-1.131,sl,86
2024-10-11 22:35:00,2024-10-12 00:55:00,L,62548.6,62868.030000000006,62105.17253826219,62868.030000000006,0.72,0.565,tp,28
2024-10-15 03:45:00,2024-10-15 07:05:00,L,65520.0,65699.13,65174.94319209614,65699.13,0.519,0.31,tp,40
2024-10-16 13:50:00,2024-10-16 14:05:00,L,67344.1,67772.73000000001,66280.44609484734,67772.73000000001,0.403,0.333,tp,3
2024-10-19 11:05:00,2024-10-19 11:35:00,L,68231.4,68086.20644685563,68086.20644685563,68307.12999999999,-1.0,-1.517,sl,6
2024-10-19 12:05:00,2024-10-19 12:30:00,L,68115.8,68207.465,67877.18633185014,68207.465,0.384,0.07,tp,5
2024-10-19 17:05:00,2024-10-19 18:15:00,L,68076.1,68134.03,67843.25267447789,68134.03,0.249,-0.073,tp,14
2024-10-25 07:20:00,2024-10-25 08:35:00,L,67493.7,67688.32,67152.0679650543,67688.32,0.57,0.352,tp,15
2024-10-27 04:05:00,2024-10-27 04:45:00,S,67227.5,67099.12,67450.77486413743,67099.12,0.575,0.244,tp,8
2024-10-28 02:10:00,2024-10-28 02:25:00,L,67731.7,67806.825,67434.34922559351,67806.825,0.253,0.002,tp,3
2024-10-30 12:10:00,2024-10-30 14:10:00,L,72055.9,72241.17,71423.12001373897,72241.17,0.293,0.168,tp,24
2024-11-01 10:40:00,2024-11-01 12:35:00,S,69905.3,70462.65445848845,70462.65445848845,69636.585,-1.0,-1.138,sl,23
2024-11-07 06:20:00,2024-11-07 06:20:00,L,74737.7,74789.75,74220.7816026861,74789.75,0.101,-0.058,tp,0
2024-11-09 16:35:00,2024-11-09 17:15:00,L,76159.9,75814.73000998623,75814.73000998623,76294.59,-1.0,-1.243,sl,8
2024-11-12 03:00:00,2024-11-12 04:20:00,L,87764.2,88380.16,85847.01019610299,88380.16,0.321,0.271,tp,16
2024-11-12 10:10:00,2024-11-12 10:45:00,L,87882.7,86093.85884833983,86093.85884833983,88597.32,-1.0,-1.054,sl,7
2024-11-12 10:55:00,2024-11-12 11:05:00,L,86830.1,87712.065,84063.37743294441,87712.065,0.319,0.284,tp,2
2024-11-13 19:25:00,2024-11-13 21:15:00,L,91108.0,88331.0269775849,88331.0269775849,92272.185,-1.0,-1.036,sl,22
2024-11-13 21:25:00,2024-11-13 23:20:00,L,88724.3,90045.465,86099.06099432732,90045.465,0.503,0.466,tp,23
2024-11-15 14:45:00,2024-11-15 14:45:00,L,89363.8,89740.86,87688.67356651516,89740.86,0.225,0.166,tp,0
2024-11-19 14:05:00,2024-11-19 14:45:00,L,91265.1,92120.25,89844.43073990673,92120.25,0.602,0.531,tp,8
2024-11-21 14:45:00,2024-11-21 14:45:00,L,97325.3,97414.92,95884.9440521011,97414.92,0.062,-0.012,tp,0
2024-11-26 16:50:00,2024-11-26 17:15:00,S,94338.6,93505.715,95828.63695115138,93505.715,0.559,0.489,tp,5
2024-11-27 10:50:00,2024-11-27 11:20:00,S,93778.6,93513.26999999999,94312.47400005987,93513.26999999999,0.497,0.304,tp,6
2024-11-28 03:15:00,2024-11-28 10:00:00,L,95662.8,94811.78630658849,94811.78630658849,96169.59,-1.0,-1.124,sl,81
2024-11-28 10:15:00,2024-11-28 11:40:00,L,94888.2,95260.41,94090.90078655326,95260.41,0.467,0.336,tp,17
2024-12-05 15:55:00,2024-12-05 19:45:00,L,101617.3,99284.50322828385,99284.50322828385,102728.10500000001,-1.0,-1.048,sl,46
2024-12-06 23:35:00,2024-12-07 00:20:00,L,99676.9,100395.135,98263.72784171966,100395.135,0.508,0.431,tp,9
2024-12-07 04:05:00,2024-12-07 09:25:00,L,99503.3,99755.375,98780.5373639483,99755.375,0.349,0.197,tp,64
2024-12-07 14:20:00,2024-12-07 14:30:00,L,99255.8,99413.38,98770.3780473364,99413.38,0.325,0.1,tp,2
2024-12-13 15:05:00,2024-12-13 15:45:00,S,100986.8,100494.51,101848.46274324297,100494.51,0.571,0.442,tp,8
2024-12-15 21:35:00,2024-12-15 21:40:00,L,102819.8,103104.80500000001,102153.76905385088,103104.80500000001,0.428,0.258,tp,1
2024-12-16 12:55:00,2024-12-16 13:10:00,L,103633.3,104029.375,102647.70037180517,104029.375,0.402,0.286,tp,3
2024-12-17 15:40:00,2024-12-17 17:20:00,L,106349.0,107280.31000000001,104201.379090219,107280.31000000001,0.434,0.379,tp,20
2024-12-17 22:50:00,2024-12-17 23:35:00,L,105738.2,106218.56999999999,104687.52198892953,106218.56999999999,0.457,0.346,tp,9
2024-12-23 22:35:00,2024-12-24 01:50:00,S,94667.0,94042.83499999999,95807.82780448935,94042.83499999999,0.547,0.456,tp,39
2024-12-28 14:30:00,2024-12-28 14:30:00,S,94842.0,94690.72,95620.80708179026,94690.72,0.194,0.06,tp,0
2025-01-01 01:05:00,2025-01-01 01:50:00,S,94058.2,93738.42000000001,94871.08315951828,93738.42000000001,0.393,0.266,tp,9
2025-01-10 02:40:00,2025-01-10 05:35:00,S,93357.8,94197.19725755586,94197.19725755586,92994.255,-1.0,-1.122,sl,35
2025-01-12 12:30:00,2025-01-12 14:10:00,S,94397.7,94850.44638759922,94850.44638759922,94222.67000000001,-1.0,-1.229,sl,20
2025-01-16 09:00:00,2025-01-16 12:40:00,L,98923.1,99477.625,98045.66286470272,99477.625,0.632,0.508,tp,44
2025-01-16 15:10:00,2025-01-16 15:50:00,L,98027.6,98680.765,96228.0113859431,98680.765,0.363,0.303,tp,8
2025-01-19 09:30:00,2025-01-19 09:35:00,L,104280.7,104551.16,102784.6754718492,104551.16,0.181,0.104,tp,1
2025-01-28 00:15:00,2025-01-28 00:50:00,S,102408.7,101910.525,103685.18810154039,101910.525,0.39,0.302,tp,7
2025-01-30 20:50:00,2025-01-31 02:30:00,L,105168.9,104201.65551171401,104201.65551171401,105445.005,-1.0,-1.12,sl,68
2025-01-31 03:25:00,2025-01-31 04:25:00,L,104040.2,104376.2,103397.34837601497,104376.2,0.523,0.345,tp,12
2025-02-04 04:20:00,2025-02-04 05:00:00,L,100406.6,99575.84695914428,99575.84695914428,100692.525,-1.0,-1.133,sl,8
2025-02-04 19:30:00,2025-02-04 19:45:00,S,100380.5,99439.91500000001,101637.27280291791,99439.91500000001,0.748,0.661,tp,3
2025-02-05 01:15:00,2025-02-05 01:30:00,S,98446.1,98058.97,99564.50792771013,98058.97,0.346,0.249,tp,3
2025-02-14 21:20:00,2025-02-15 01:20:00,L,96980.2,97676.465,95817.52362512655,97676.465,0.599,0.507,tp,48
2025-02-17 22:05:00,2025-02-17 22:35:00,S,96149.3,96027.895,96732.67571613326,96027.895,0.208,0.027,tp,6
2025-02-22 13:00:00,2025-02-22 13:30:00,S,96838.2,96661.33499999999,97275.24606699822,96661.33499999999,0.405,0.161,tp,6
2025-02-23 07:50:00,2025-02-23 08:20:00,S,96464.7,96346.74,96716.55345074128,96346.74,0.468,0.047,tp,6
2025-02-23 23:20:00,2025-02-24 01:40:00,S,95958.6,95803.735,96578.00425647662,95803.735,0.25,0.08,tp,28
2025-02-25 20:40:00,2025-02-26 04:40:00,S,88540.0,89117.4,90172.12707860154,87649.61,-0.354,-0.413,time,96
2025-02-27 11:05:00,2025-02-27 11:50:00,S,86710.7,86356.015,87545.87582815692,86356.015,0.425,0.31,tp,9
2025-02-28 13:15:00,2025-02-28 14:05:00,S,80925.9,82267.82030103591,82267.82030103591,80489.78,-1.0,-1.066,sl,10
2025-03-01 11:25:00,2025-03-01 16:15:00,L,84516.1,84958.885,83752.70771218331,84958.885,0.58,0.458,tp,58
2025-03-03 02:35:00,2025-03-03 02:35:00,L,92825.1,92942.72,91684.15933661275,92942.72,0.103,0.014,tp,0
2025-03-03 15:05:00,2025-03-03 18:35:00,L,90260.0,87012.3139468956,87012.3139468956,92495.655,-1.0,-1.031,sl,42
2025-03-06 08:10:00,2025-03-06 09:05:00,L,91395.4,90649.45634953481,90649.45634953481,91656.9,-1.0,-1.135,sl,11
2025-03-06 09:20:00,2025-03-06 10:15:00,L,90952.2,91284.295,90072.85187104465,91284.295,0.378,0.264,tp,11
2025-03-10 12:10:00,2025-03-10 13:20:00,S,83295.4,82498.775,84876.80559098341,82498.775,0.504,0.446,tp,14
2025-03-11 04:25:00,2025-03-11 08:10:00,S,79829.6,80787.65183377288,80787.65183377288,79526.885,-1.0,-1.092,sl,45
2025-03-13 08:45:00,2025-03-13 09:00:00,L,82632.5,83072.485,81857.227167155,83072.485,0.568,0.45,tp,3
2025-03-14 03:05:00,2025-03-14 03:45:00,S,81978.9,81740.14499999999,82764.06409471051,81740.14499999999,0.304,0.189,tp,8
2025-03-14 20:30:00,2025-03-14 22:55:00,L,84028.6,84473.075,83211.83845872937,84473.075,0.544,0.431,tp,29
2025-03-15 07:40:00,2025-03-15 08:15:00,L,83983.9,83609.99934192235,83609.99934192235,84111.035,-1.0,-1.247,sl,7
2025-03-16 02:05:00,2025-03-16 03:30:00,L,83888.5,84112.13500000001,83437.38084083363,84112.13500000001,0.496,0.291,tp,17
2025-03-20 10:35:00,2025-03-20 13:45:00,L,85260.2,85791.175,84362.41122556629,85791.175,0.591,0.487,tp,38
2025-03-25 03:55:00,2025-03-25 06:30:00,L,86478.1,86771.67000000001,85846.79406242828,86771.67000000001,0.465,0.314,tp,31
2025-03-25 22:35:00,2025-03-26 01:20:00,L,87383.5,87783.845,86711.62395716624,87783.845,0.596,0.453,tp,33
2025-04-01 14:25:00,2025-04-01 14:40:00,L,82890.5,83469.595,81684.6060256845,83469.595,0.48,0.405,tp,3
2025-04-07 14:25:00,2025-04-07 15:15:00,S,78500.1,77550.655,82928.71595218219,77550.655,0.214,0.195,tp,10
2025-04-10 13:50:00,2025-04-10 14:30:00,L,81180.1,81608.79000000001,79804.40342803534,81608.79000000001,0.312,0.247,tp,8
2025-04-13 14:05:00,2025-04-13 16:00:00,L,83770.0,84141.725,82964.86986837772,84141.725,0.462,0.347,tp,23
2025-04-13 19:50:00,2025-04-14 00:15:00,L,83750.0,84430.025,82435.13145213862,84430.025,0.517,0.447,tp,53
2025-04-14 13:55:00,2025-04-14 14:25:00,L,84608.2,84894.815,83463.47646974136,84894.815,0.25,0.169,tp,6
2025-04-18 04:30:00,2025-04-18 07:20:00,L,84653.1,84404.3669045916,84404.3669045916,84739.06999999999,-1.0,-1.374,sl,34
2025-04-23 19:35:00,2025-04-23 20:15:00,L,93213.8,93610.9,92425.13529702908,93610.9,0.504,0.373,tp,8
2025-04-28 14:05:00,2025-04-28 22:05:00,L,94297.1,94581.2,93082.47531473787,94966.7,0.234,0.149,time,96
2025-05-02 22:00:00,2025-05-03 03:35:00,L,96651.2,96268.8578227533,96268.8578227533,96876.54000000001,-1.0,-1.278,sl,67
2025-05-09 21:30:00,2025-05-10 02:35:00,L,102897.6,103136.41500000001,102346.26412146978,103136.41500000001,0.433,0.228,tp,61
2025-05-10 16:05:00,2025-05-10 16:15:00,L,103216.0,103385.98,102781.76638482745,103385.98,0.391,0.13,tp,2
2025-05-14 02:15:00,2025-05-14 04:35:00,L,103668.8,103807.73000000001,102962.32392479219,103807.73000000001,0.197,0.035,tp,28
2025-05-24 03:35:00,2025-05-24 06:30:00,S,108090.5,107811.335,108690.771569778,107811.335,0.465,0.267,tp,35
2025-05-31 14:30:00,2025-05-31 15:30:00,S,104256.6,104765.87176149024,104765.87176149024,104132.31999999999,-1.0,-1.225,sl,12
2025-06-01 18:50:00,2025-06-01 18:55:00,L,104521.5,104893.56000000001,103895.91500355682,104893.56000000001,0.595,0.411,tp,1
2025-06-03 20:40:00,2025-06-04 04:40:00,L,105681.9,105399.9,105007.18966127056,106013.845,-0.418,-0.59,time,96
2025-06-07 00:25:00,2025-06-07 00:35:00,L,104050.0,104227.34,103626.30010709759,104227.34,0.419,0.148,tp,2
2025-06-15 06:05:00,2025-06-15 06:20:00,S,105883.0,105621.65999999999,106260.90887537507,105621.65999999999,0.692,0.383,tp,3
2025-06-16 22:55:00,2025-06-17 00:05:00,L,107705.2,106521.63538153308,106521.63538153308,108375.0,-1.0,-1.1,sl,14
2025-06-22 22:25:00,2025-06-23 00:45:00,S,100094.9,101524.47195850004,101524.47195850004,99502.625,-1.0,-1.077,sl,28
2025-06-23 14:10:00,2025-06-23 14:30:00,S,102245.8,101568.76499999998,103689.8640007086,101568.76499999998,0.469,0.391,tp,4
2025-06-27 01:15:00,2025-06-27 01:15:00,L,106847.7,106881.55500000001,106142.16943013264,106881.55500000001,0.048,-0.119,tp,0
2025-07-03 12:55:00,2025-07-03 13:30:00,L,108958.9,109420.89499999999,107974.96844522326,109420.89499999999,0.47,0.348,tp,7
2025-07-06 06:25:00,2025-07-06 08:20:00,S,108090.7,107957.11499999999,108254.71446300855,107957.11499999999,0.814,0.09,tp,23
2025-07-06 18:40:00,2025-07-06 20:05:00,L,108518.8,108754.19499999999,108134.57261692999,108754.19499999999,0.613,0.302,tp,17
2025-07-17 20:15:00,2025-07-17 21:00:00,L,118808.0,119497.005,117800.61198009184,119497.005,0.684,0.554,tp,9
2025-07-20 07:40:00,2025-07-20 08:10:00,S,118059.0,118282.99510014403,118282.99510014403,117897.48000000001,-1.0,-1.58,sl,6
2025-07-22 14:10:00,2025-07-22 14:55:00,L,118247.7,119074.30500000001,116642.235711477,119074.30500000001,0.515,0.434,tp,9
2025-07-25 20:55:00,2025-07-26 04:55:00,S,117084.4,117487.2,117750.69106747226,116826.68500000001,-0.605,-0.798,time,96
2025-07-28 07:25:00,2025-07-28 11:35:00,L,119012.3,118445.56073487064,118445.56073487064,119378.47,-1.0,-1.231,sl,50
2025-07-30 15:05:00,2025-07-30 15:50:00,S,118523.2,117873.21500000001,119493.20742554724,117873.21500000001,0.67,0.536,tp,9
2025-08-08 06:15:00,2025-08-08 06:25:00,L,116530.0,116578.63,116203.27662154616,116578.63,0.149,-0.243,tp,2
2025-08-11 09:45:00,2025-08-11 11:15:00,L,121424.7,120802.05455657173,120802.05455657173,121535.53499999999,-1.0,-1.215,sl,18
2025-08-11 11:35:00,2025-08-11 12:30:00,L,120690.2,119805.90409753288,119805.90409753288,121061.79,-1.0,-1.15,sl,11
2025-08-11 12:35:00,2025-08-11 14:35:00,L,120229.6,120556.665,119136.01424029817,120556.665,0.299,0.178,tp,24
2025-08-12 13:05:00,2025-08-12 13:40:00,S,118847.9,118613.525,119798.69282841367,118613.525,0.247,0.109,tp,7
2025-08-13 01:20:00,2025-08-13 08:30:00,L,119539.4,119885.30999999998,118821.26755915029,119885.30999999998,0.482,0.299,tp,86
2025-08-15 23:05:00,2025-08-15 23:05:00,S,117482.8,117336.10500000001,117940.12700206753,117336.10500000001,0.321,0.038,tp,0
2025-08-17 04:00:00,2025-08-17 04:50:00,S,117628.3,117870.08276658796,117870.08276658796,117529.035,-1.0,-1.535,sl,10
2025-08-23 02:45:00,2025-08-23 10:45:00,L,115830.0,115574.1,115009.32373022703,116301.93000000001,-0.312,-0.467,time,96
2025-08-23 12:10:00,2025-08-23 13:30:00,L,115278.1,114927.62950081761,114927.62950081761,115481.31999999999,-1.0,-1.362,sl,16
2025-08-24 03:05:00,2025-08-24 10:30:00,L,115153.3,114648.48878283455,114648.48878283455,115373.09,-1.0,-1.251,sl,89
2025-09-01 20:50:00,2025-09-01 21:30:00,L,108682.5,107829.15237604949,107829.15237604949,109061.56500000002,-1.0,-1.14,sl,8
2025-09-07 01:15:00,2025-09-07 02:55:00,S,110352.9,110593.32049655712,110593.32049655712,110221.56999999999,-1.0,-1.505,sl,20
2025-09-09 00:50:00,2025-09-09 02:20:00,L,111731.4,111131.9722113146,111131.9722113146,111918.64000000001,-1.0,-1.205,sl,18
2025-09-09 21:20:00,2025-09-09 21:50:00,S,111513.2,111277.51999999999,112052.25183698563,111277.51999999999,0.437,0.21,tp,6
2025-09-12 08:15:00,2025-09-12 08:20:00,L,115037.4,115169.75499999998,114746.4164192074,115169.75499999998,0.455,0.02,tp,1
2025-09-15 19:15:00,2025-09-15 19:30:00,S,115156.2,115008.42,115809.55336557215,115008.42,0.226,0.032,tp,3
2025-09-20 15:00:00,2025-09-20 15:20:00,S,115922.0,116066.90866147257,116066.90866147257,115888.0,-1.0,-1.88,sl,4
2025-09-30 06:00:00,2025-09-30 06:35:00,L,113869.8,114033.995,113457.72158849618,114033.995,0.398,0.094,tp,7
2025-09-30 07:50:00,2025-09-30 09:35:00,L,113613.7,113150.664376072,113150.664376072,113840.835,-1.0,-1.27,sl,21
2025-10-02 15:10:00,2025-10-02 15:20:00,L,118978.2,119279.64000000001,117728.84385114818,119279.64000000001,0.241,0.137,tp,2
2025-10-03 07:50:00,2025-10-03 08:15:00,L,119675.8,119279.42259935552,119279.42259935552,119812.01499999998,-1.0,-1.332,sl,5
2025-10-03 08:25:00,2025-10-03 08:30:00,L,119450.8,119663.86499999999,118868.61262364821,119663.86499999999,0.366,0.14,tp,1
2025-10-04 02:00:00,2025-10-04 02:00:00,L,121814.0,121953.39499999999,121340.5944658057,121953.39499999999,0.294,0.011,tp,0
2025-10-04 11:25:00,2025-10-04 13:00:00,L,121946.5,122136.155,121586.9722515435,122136.155,0.528,0.154,tp,19
2025-10-06 21:40:00,2025-10-06 22:00:00,L,124870.2,125057.085,123955.94938279789,125057.085,0.204,0.054,tp,4
2025-10-09 22:55:00,2025-10-09 23:05:00,S,121620.0,121459.025,122074.7150463048,121459.025,0.354,0.06,tp,2
2025-10-13 11:10:00,2025-10-13 11:25:00,L,114443.6,113603.13113187328,113603.13113187328,114891.99500000002,-1.0,-1.15,sl,3
2025-10-14 16:05:00,2025-10-14 17:00:00,S,112510.6,111736.76499999998,114121.19119657684,111736.76499999998,0.48,0.404,tp,11
2025-10-16 03:35:00,2025-10-16 03:35:00,S,111516.0,111405.38500000001,112231.59623219,111405.38500000001,0.155,-0.017,tp,0
2025-10-18 20:15:00,2025-10-18 21:05:00,S,106980.3,106904.165,107417.62641445815,106904.165,0.174,-0.095,tp,10
2025-10-19 03:55:00,2025-10-19 04:05:00,S,107169.6,106950.785,107598.1536109909,106950.785,0.511,0.236,tp,2
2025-10-21 00:20:00,2025-10-21 01:55:00,L,110331.4,109721.83620323452,109721.83620323452,110560.19000000002,-1.0,-1.199,sl,19
2025-10-21 11:00:00,2025-10-21 12:20:00,S,108442.1,109371.58974537774,109371.58974537774,107850.785,-1.0,-1.128,sl,16
2025-10-23 01:25:00,2025-10-23 06:15:00,S,108127.3,109174.01483700263,109174.01483700263,107778.06000000001,-1.0,-1.114,sl,58
2025-10-25 16:15:00,2025-10-25 16:50:00,L,111210.7,111423.43500000001,110798.0575038578,111423.43500000001,0.516,0.219,tp,7
2025-10-27 21:35:00,2025-10-27 21:45:00,L,114281.2,114541.48999999999,113615.23360554142,114541.48999999999,0.391,0.202,tp,2
2025-10-29 05:45:00,2025-10-29 09:10:00,S,113128.0,112815.51499999998,113681.88606024353,112815.51499999998,0.564,0.339,tp,41
2025-10-29 13:35:00,2025-10-29 13:35:00,S,113220.6,113187.76499999998,113846.85952252093,113187.76499999998,0.052,-0.146,tp,0
2025-10-31 12:10:00,2025-10-31 12:35:00,S,110231.5,109819.825,111394.13615435203,109819.825,0.354,0.25,tp,5
2025-11-20 09:55:00,2025-11-20 10:00:00,L,91781.7,92003.12000000001,90983.3914934233,92003.12000000001,0.277,0.151,tp,1
2025-11-26 14:55:00,2025-11-26 14:55:00,S,87131.8,87040.50499999999,88224.56673725077,87040.50499999999,0.084,-0.004,tp,0
2025-11-27 13:30:00,2025-11-27 16:10:00,L,90668.8,91067.79,89986.58568729187,91067.79,0.585,0.439,tp,32
2025-11-30 03:25:00,2025-11-30 03:40:00,L,90679.6,90808.675,90192.76064074694,90808.675,0.265,0.06,tp,3
2025-11-30 21:30:00,2025-11-30 22:10:00,L,91031.9,91268.01,90493.52842670397,91268.01,0.439,0.253,tp,8
2025-12-04 15:05:00,2025-12-04 15:10:00,L,92170.4,92487.11,91013.21107826693,92487.11,0.274,0.186,tp,1
2025-12-08 14:30:00,2025-12-08 14:30:00,L,91316.7,91557.34,90617.1934263102,91557.34,0.344,0.2,tp,0
2025-12-09 22:00:00,2025-12-09 22:35:00,L,92600.1,92899.50499999999,91447.77397959799,92899.50499999999,0.26,0.171,tp,7
2025-12-13 08:35:00,2025-12-13 08:40:00,S,90421.1,90335.295,90680.8939635452,90335.295,0.33,-0.053,tp,1
2025-12-16 16:05:00,2025-12-16 17:25:00,S,87650.7,87269.45999999999,89083.77279022791,87269.45999999999,0.266,0.199,tp,16
2025-12-26 08:05:00,2025-12-26 13:40:00,L,88659.9,89026.155,87786.38275005226,89026.155,0.419,0.308,tp,67
2025-12-29 14:50:00,2025-12-29 14:55:00,S,87912.0,87440.34,88807.94586833667,87440.34,0.526,0.419,tp,1
2026-01-01 01:20:00,2026-01-01 04:05:00,S,87898.8,87731.99,88172.78031996658,87731.99,0.609,0.256,tp,33
2026-01-02 14:40:00,2026-01-02 14:40:00,L,89070.6,89249.735,87982.01307856079,89249.735,0.165,0.075,tp,0
2026-01-05 04:40:00,2026-01-05 09:45:00,L,92510.3,92822.23999999999,91956.81479404296,92822.23999999999,0.564,0.38,tp,61
2026-01-06 07:30:00,2026-01-06 11:00:00,L,93355.0,93641.84,92937.0754943712,93641.84,0.686,0.441,tp,42
2026-01-14 06:15:00,2026-01-14 07:05:00,L,94834.4,95076.155,94277.9513964697,95076.155,0.434,0.247,tp,10
2026-01-23 02:05:00,2026-01-23 02:55:00,S,89783.2,89650.4,90189.30488538899,89650.4,0.327,0.084,tp,10
2026-02-03 03:10:00,2026-02-03 03:35:00,L,77966.0,78514.85500000001,76939.14410362823,78514.85500000001,0.535,0.451,tp,5
2026-02-06 12:05:00,2026-02-06 13:20:00,S,66376.6,67335.05008832482,67335.05008832482,66075.53,-1.0,-1.076,sl,15
2026-02-06 13:30:00,2026-02-06 14:35:00,S,66897.2,68227.53024062277,68227.53024062277,66547.43,-1.0,-1.055,sl,13
2026-02-08 17:00:00,2026-02-08 18:00:00,L,70381.0,70942.85500000001,69491.03200866768,70942.85500000001,0.631,0.544,tp,12
2026-02-14 13:10:00,2026-02-14 21:00:00,L,69635.8,70124.86,68757.51206946422,70124.86,0.557,0.47,tp,94
2026-02-18 15:50:00,2026-02-18 16:00:00,S,67808.4,67317.16,68935.11185714336,67317.16,0.436,0.37,tp,2
2026-02-19 06:35:00,2026-02-19 08:25:00,S,67101.0,66863.47,67537.35836572046,66863.47,0.544,0.375,tp,22
2026-02-28 14:05:00,2026-02-28 19:30:00,S,64773.1,66198.8525716762,66198.8525716762,64144.7,-1.0,-1.05,sl,65
2026-03-06 01:35:00,2026-03-06 01:35:00,L,70817.7,70855.36499999999,69996.16645258703,70855.36499999999,0.046,-0.049,tp,0
2026-03-07 03:20:00,2026-03-07 03:20:00,S,68296.9,68221.125,68756.4762078698,68221.125,0.165,0.001,tp,0
2026-03-08 08:50:00,2026-03-08 09:10:00,S,67419.7,67804.05741260145,67804.05741260145,67295.96,-1.0,-1.193,sl,4
2026-03-09 03:25:00,2026-03-09 09:35:00,S,67111.1,68348.0917847961,68348.0917847961,66529.50000000001,-1.0,-1.06,sl,74
2026-03-10 21:55:00,2026-03-11 00:20:00,L,69730.5,70049.31499999999,68971.87761864552,70049.31499999999,0.42,0.319,tp,29
2026-03-15 13:15:00,2026-03-15 17:50:00,L,71415.8,71646.84,70949.77587547776,71646.84,0.496,0.327,tp,55
2026-03-17 05:55:00,2026-03-17 06:20:00,L,74030.0,74191.045,73262.26525932431,74191.045,0.21,0.104,tp,5
2026-03-18 00:45:00,2026-03-18 01:05:00,L,73682.0,73945.315,72992.68400933265,73945.315,0.382,0.264,tp,4
2026-03-25 15:25:00,2026-03-25 16:25:00,L,70900.0,71266.43500000001,69961.29383351389,71266.43500000001,0.39,0.307,tp,12
2026-03-28 15:30:00,2026-03-28 16:50:00,S,66993.6,66820.8,67649.28260435748,66820.8,0.264,0.151,tp,16
2026-03-29 11:50:00,2026-03-29 13:05:00,S,66784.2,66621.025,67219.36459179758,66621.025,0.375,0.206,tp,15
2026-03-31 07:30:00,2026-03-31 08:00:00,L,67262.5,67414.10500000001,66749.86498369514,67414.10500000001,0.296,0.151,tp,6
2026-04-02 14:50:00,2026-04-02 22:50:00,S,66713.0,66973.5,67816.8331094106,66231.66,-0.236,-0.302,time,96
2026-04-05 02:20:00,2026-04-05 02:25:00,L,67045.9,67096.25,66814.50511537211,67096.25,0.218,-0.101,tp,1
2026-04-06 21:50:00,2026-04-06 22:30:00,L,69522.3,69144.55206286642,69144.55206286642,69719.44,-1.0,-1.202,sl,8
2026-04-09 14:15:00,2026-04-09 14:45:00,L,70759.8,70986.94,70121.2854263436,70986.94,0.356,0.234,tp,6
2026-04-11 13:20:00,2026-04-11 15:15:00,L,72731.3,72829.825,72320.20211398878,72829.825,0.24,0.045,tp,23
2026-04-11 23:15:00,2026-04-12 01:35:00,L,73013.6,72433.43718489743,72433.43718489743,73325.78,-1.0,-1.138,sl,28
2026-04-12 18:20:00,2026-04-12 20:05:00,S,71057.9,70967.56,71442.08496383564,70967.56,0.235,0.032,tp,21
2026-04-12 21:10:00,2026-04-12 21:10:00,S,71269.1,71120.15,71687.30825917932,71120.15,0.356,0.169,tp,0
2026-04-16 10:25:00,2026-04-16 12:00:00,L,74393.5,74619.035,73889.2529341432,74619.035,0.447,0.285,tp,19
2026-04-16 13:35:00,2026-04-16 13:35:00,S,74758.9,74680.1,75269.47964950325,74680.1,0.154,-0.007,tp,0
2026-04-21 12:55:00,2026-04-21 14:35:00,L,75913.4,76320.22,75087.33496097676,76320.22,0.492,0.391,tp,20
2026-04-23 03:40:00,2026-04-23 04:15:00,L,77587.6,77865.80500000001,76988.7841045194,77865.80500000001,0.465,0.322,tp,7
2026-04-23 08:50:00,2026-04-23 10:05:00,L,77781.8,77312.2078750903,77312.2078750903,77987.27,-1.0,-1.182,sl,15
2026-04-23 17:50:00,2026-04-23 18:00:00,L,77260.4,77892.94999999998,76138.49894052772,77892.94999999998,0.564,0.488,tp,2
2026-04-27 14:55:00,2026-04-27 14:55:00,S,77894.3,77822.825,78611.10439616878,77822.825,0.1,-0.02,tp,0
2026-05-03 01:15:00,2026-05-03 09:15:00,L,78327.5,78381.1,77976.47386546648,78556.74,0.153,-0.093,time,96
2026-05-05 22:45:00,2026-05-06 01:45:00,L,80982.5,81353.79500000001,80265.35171748532,81353.79500000001,0.518,0.394,tp,36
2026-05-18 12:05:00,2026-05-18 13:35:00,S,77248.1,76919.30500000001,77787.38138238755,76919.30500000001,0.61,0.452,tp,18
2026-05-20 13:50:00,2026-05-20 14:15:00,L,77153.6,77397.33499999999,76548.44046890477,77397.33499999999,0.403,0.263,tp,5
2026-05-24 13:45:00,2026-05-24 14:10:00,L,76952.8,76636.93425331294,76636.93425331294,77035.37999999999,-1.0,-1.268,sl,5
2026-05-25 19:15:00,2026-05-25 20:40:00,L,77464.0,77215.08702397806,77215.08702397806,77549.79,-1.0,-1.342,sl,17
2026-05-26 14:35:00,2026-05-26 14:35:00,S,77534.8,77167.84,78585.19942075109,77167.84,0.349,0.268,tp,0
2026-05-27 20:25:00,2026-05-27 21:30:00,S,75258.5,75056.98999999999,75654.34257072845,75056.98999999999,0.509,0.3,tp,13
2026-05-29 06:30:00,2026-05-29 07:30:00,S,73738.4,73590.16500000001,74064.53177979325,73590.16500000001,0.455,0.206,tp,12
