exit_time,net_R,cum_net_R,drawdown_R
2024-02-03 02:00:00,-1.031,-1.031,0.0
2024-02-04 22:00:00,-1.037,-2.068,-1.037
2024-02-06 23:00:00,-0.088,-2.156,-1.125
2024-02-09 12:00:00,2.449,0.293,0.0
2024-02-10 10:00:00,-1.035,-0.742,-1.035
2024-02-13 04:00:00,0.433,-0.309,-0.602
2024-02-16 10:00:00,-0.68,-0.989,-1.282
2024-02-19 14:00:00,-0.631,-1.62,-1.913
2024-02-22 15:00:00,0.513,-1.107,-1.4
2024-02-27 03:00:00,2.468,1.361,0.0
2024-02-29 04:00:00,0.591,1.952,0.0
2024-03-02 05:00:00,2.0,3.952,0.0
2024-03-04 07:00:00,0.578,4.53,0.0
2024-03-07 17:00:00,-0.111,4.419,-0.111
2024-03-09 18:00:00,0.022,4.441,-0.089
2024-03-13 11:00:00,-0.04,4.401,-0.129
2024-03-14 13:00:00,-1.014,3.387,-1.143
2024-03-17 03:00:00,0.767,4.154,-0.376
2024-03-17 11:00:00,-1.018,3.136,-1.394
2024-03-21 04:00:00,-1.009,2.127,-2.403
2024-03-23 05:00:00,0.191,2.318,-2.212
2024-03-25 10:00:00,0.543,2.861,-1.669
2024-03-26 14:00:00,-1.019,1.842,-2.688
2024-03-27 14:00:00,2.474,4.316,-0.214
2024-03-29 15:00:00,1.147,5.463,0.0
2024-04-02 20:00:00,-0.284,5.179,-0.284
2024-04-04 04:00:00,-1.013,4.166,-1.297
2024-04-06 08:00:00,0.382,4.548,-0.915
2024-04-09 01:00:00,-1.024,3.524,-1.939
2024-04-12 04:00:00,0.104,3.628,-1.835
2024-04-12 17:00:00,2.47,6.098,0.0
2024-04-14 18:00:00,1.026,7.124,0.0
2024-04-18 11:00:00,-0.132,6.992,-0.132
2024-04-22 18:00:00,0.056,7.048,-0.076
2024-04-23 20:00:00,-1.03,6.018,-1.106
2024-04-24 16:00:00,2.447,8.465,0.0
2024-04-26 17:00:00,-0.289,8.176,-0.289
2024-04-30 16:00:00,2.469,10.645,0.0
2024-05-02 17:00:00,-0.009,10.636,-0.009
2024-05-05 21:00:00,0.535,11.171,0.0
2024-05-06 12:00:00,-1.056,10.115,-1.056
2024-05-10 08:00:00,-0.072,10.043,-1.128
2024-05-12 15:00:00,-0.032,10.011,-1.16
2024-05-15 12:00:00,-1.059,8.952,-2.219
2024-05-17 13:00:00,0.7,9.652,-1.519
2024-05-20 02:00:00,0.27,9.922,-1.249
2024-05-22 11:00:00,0.56,10.482,-0.689
2024-05-25 19:00:00,-0.269,10.213,-0.958
2024-05-27 14:00:00,-1.051,9.162,-2.009
2024-05-28 01:00:00,-1.032,8.13,-3.041
2024-05-30 02:00:00,0.516,8.646,-2.525
2024-05-30 13:00:00,-1.058,7.588,-3.583
2024-06-02 16:00:00,-0.482,7.106,-4.065
2024-06-05 14:00:00,0.784,7.89,-3.281
2024-06-07 05:00:00,2.445,10.335,-0.836
2024-06-07 18:00:00,-1.019,9.316,-1.855
2024-06-11 13:00:00,2.449,11.765,0.0
2024-06-13 14:00:00,-0.267,11.498,-0.267
2024-06-15 16:00:00,0.209,11.707,-0.058
2024-06-18 01:00:00,2.461,14.168,0.0
2024-06-20 02:00:00,-0.026,14.142,-0.026
2024-06-22 17:00:00,-0.407,13.735,-0.433
2024-06-24 09:00:00,2.459,16.194,0.0
2024-06-25 03:00:00,-1.013,15.181,-1.013
2024-06-27 07:00:00,-1.022,14.159,-2.035
2024-06-29 22:00:00,-1.038,13.121,-3.073
2024-07-01 22:00:00,-1.053,12.068,-4.126
2024-07-05 02:00:00,2.479,14.547,-1.647
2024-07-07 03:00:00,-0.789,13.758,-2.436
2024-07-09 06:00:00,-1.018,12.74,-3.454
2024-07-13 13:00:00,0.394,13.134,-3.06
2024-07-14 12:00:00,-1.037,12.097,-4.097
2024-07-17 04:00:00,0.292,12.389,-3.805
2024-07-21 20:00:00,-0.152,12.237,-3.957
2024-07-23 05:00:00,-1.02,11.217,-4.977
2024-07-25 06:00:00,0.885,12.102,-4.092
2024-07-26 00:00:00,-1.03,11.072,-5.122
2024-07-28 13:00:00,2.45,13.522,-2.672
2024-07-29 03:00:00,2.459,15.981,-0.213
2024-07-31 04:00:00,-0.018,15.963,-0.231
2024-08-03 16:00:00,1.989,17.952,0.0
2024-08-05 01:00:00,2.482,20.434,0.0
2024-08-07 02:00:00,-0.208,20.226,-0.208
2024-08-10 22:00:00,0.302,20.528,0.0
2024-08-12 23:00:00,-1.022,19.506,-1.022
2024-08-15 00:00:00,-0.716,18.79,-1.738
2024-08-15 12:00:00,-1.052,17.738,-2.79
2024-08-16 05:00:00,-1.03,16.708,-3.82
2024-08-20 05:00:00,-1.042,15.666,-4.862
2024-08-20 15:00:00,-1.031,14.635,-5.893
2024-08-23 21:00:00,1.192,15.827,-4.701
2024-08-25 22:00:00,-0.42,15.407,-5.121
2024-08-27 21:00:00,2.445,17.852,-2.676
2024-08-29 22:00:00,0.305,18.157,-2.371
2024-09-01 16:00:00,-0.272,17.885,-2.643
2024-09-02 10:00:00,-1.031,16.854,-3.674
2024-09-05 20:00:00,0.465,17.319,-3.209
2024-09-08 15:00:00,0.512,17.831,-2.697
2024-09-11 16:00:00,2.461,20.292,-0.236
2024-09-13 17:00:00,-0.11,20.182,-0.346
2024-09-14 16:00:00,-1.05,19.132,-1.396
2024-09-15 21:00:00,2.408,21.54,0.0
2024-09-17 22:00:00,0.48,22.02,0.0
2024-09-18 23:00:00,-1.042,20.978,-1.042
2024-09-21 00:00:00,0.369,21.347,-0.673
2024-09-22 10:00:00,-1.045,20.302,-1.718
2024-09-25 04:00:00,0.106,20.408,-1.612
2024-09-28 17:00:00,-0.284,20.124,-1.896
2024-10-01 17:00:00,2.472,22.596,0.0
2024-10-03 18:00:00,0.189,22.785,0.0
2024-10-07 00:00:00,-1.049,21.736,-1.049
2024-10-09 15:00:00,-0.358,21.378,-1.407
2024-10-11 19:00:00,-1.037,20.341,-2.444
2024-10-13 14:00:00,-1.063,19.278,-3.507
2024-10-14 03:00:00,-1.05,18.228,-4.557
2024-10-14 13:00:00,2.467,20.695,-2.09
2024-10-16 14:00:00,0.228,20.923,-1.862
2024-10-19 23:00:00,-0.741,20.182,-2.603
2024-10-22 09:00:00,-1.042,19.14,-3.645
2024-10-23 18:00:00,2.451,21.591,-1.194
2024-10-24 04:00:00,-1.026,20.565,-2.22
2024-10-25 23:00:00,-1.046,19.519,-3.266
2024-10-28 00:00:00,-0.104,19.415,-3.37
2024-10-28 12:00:00,-1.046,18.369,-4.416
2024-10-30 14:00:00,0.614,18.983,-3.802
2024-11-02 18:00:00,0.681,19.664,-3.121
2024-11-05 09:00:00,0.289,19.953,-2.832
2024-11-06 06:00:00,2.472,22.425,-0.36
2024-11-08 07:00:00,-0.077,22.348,-0.437
2024-11-12 00:00:00,1.91,24.258,0.0
2024-11-16 19:00:00,2.467,26.725,0.0
2024-11-17 15:00:00,-1.011,25.714,-1.011
2024-11-21 03:00:00,-1.024,24.69,-2.035
2024-11-23 06:00:00,0.248,24.938,-1.787
2024-11-27 10:00:00,-1.023,23.915,-2.81
2024-11-29 11:00:00,-0.11,23.805,-2.92
2024-11-30 02:00:00,-1.061,22.744,-3.981
2024-12-02 08:00:00,-1.025,21.719,-5.006
2024-12-03 12:00:00,-1.01,20.709,-6.016
2024-12-03 14:00:00,-1.015,19.694,-7.031
2024-12-06 01:00:00,0.314,20.008,-6.717
2024-12-08 18:00:00,-0.335,19.673,-7.052
2024-12-11 21:00:00,0.677,20.35,-6.375
2024-12-15 08:00:00,-0.007,20.343,-6.382
2024-12-19 17:00:00,2.478,22.821,-3.904
2024-12-21 18:00:00,-0.21,22.611,-4.114
2024-12-23 21:00:00,-1.024,21.587,-5.138
2024-12-26 08:00:00,-1.022,20.565,-6.16
2024-12-28 09:00:00,-0.029,20.536,-6.189
2024-12-31 13:00:00,-1.029,19.507,-7.218
2025-01-01 15:00:00,-1.059,18.448,-8.277
2025-01-04 01:00:00,0.669,19.117,-7.608
2025-01-05 08:00:00,-1.046,18.071,-8.654
2025-01-09 15:00:00,1.344,19.415,-7.31
2025-01-10 06:00:00,-1.029,18.386,-8.339
2025-01-12 18:00:00,0.409,18.795,-7.93
2025-01-15 03:00:00,-0.154,18.641,-8.084
2025-01-17 15:00:00,2.022,20.663,-6.062
2025-01-18 05:00:00,-1.049,19.614,-7.111
2025-01-20 07:00:00,-1.02,18.594,-8.131
2025-01-22 08:00:00,-0.315,18.279,-8.446
2025-01-23 16:00:00,-1.031,17.248,-9.477
2025-01-27 02:00:00,2.426,19.674,-7.051
2025-01-29 03:00:00,0.015,19.689,-7.036
2025-01-30 01:00:00,-1.054,18.635,-8.09
2025-02-01 14:00:00,-0.794,17.841,-8.884
2025-02-02 16:00:00,2.464,20.305,-6.42
2025-02-03 01:00:00,2.48,22.785,-3.94
2025-02-05 02:00:00,-0.293,22.492,-4.233
2025-02-07 14:00:00,-1.021,21.471,-5.254
2025-02-09 23:00:00,-0.525,20.946,-5.779
2025-02-11 19:00:00,-1.027,19.919,-6.806
2025-02-15 14:00:00,-1.031,18.888,-7.837
2025-02-17 18:00:00,1.447,20.335,-6.39
2025-02-19 19:00:00,-0.169,20.166,-6.559
2025-02-21 15:00:00,-1.075,19.091,-7.634
2025-02-23 16:00:00,-0.262,18.829,-7.896
2025-02-24 22:00:00,2.47,21.299,-5.426
2025-02-26 23:00:00,-0.129,21.17,-5.555
2025-02-28 15:00:00,-1.014,20.156,-6.569
2025-03-02 16:00:00,0.921,21.077,-5.648
2025-03-03 08:00:00,-1.015,20.062,-6.663
2025-03-04 01:00:00,-1.008,19.054,-7.671
2025-03-05 06:00:00,-1.007,18.047,-8.678
2025-03-07 07:00:00,1.026,19.073,-7.652
2025-03-11 23:00:00,1.113,20.186,-6.539
2025-03-13 13:00:00,-1.018,19.168,-7.557
2025-03-15 08:00:00,-1.022,18.146,-8.579
2025-03-18 12:00:00,-0.624,17.522,-9.203
2025-03-20 16:00:00,-1.043,16.479,-10.246
2025-03-22 17:00:00,0.275,16.754,-9.971
2025-03-24 00:00:00,-1.073,15.681,-11.044
2025-03-26 15:00:00,0.173,15.854,-10.871
2025-03-29 17:00:00,1.164,17.018,-9.707
2025-03-31 18:00:00,-0.275,16.743,-9.982
2025-04-02 02:00:00,-1.033,15.71,-11.015
2025-04-04 22:00:00,0.094,15.804,-10.921
2025-04-08 19:00:00,0.23,16.034,-10.691
2025-04-11 18:00:00,0.457,16.491,-10.234
2025-04-12 14:00:00,2.432,18.923,-7.802
2025-04-14 02:00:00,2.479,21.402,-5.323
2025-04-14 08:00:00,-1.022,20.38,-6.345
2025-04-19 06:00:00,0.001,20.381,-6.344
2025-04-24 17:00:00,-0.409,19.972,-6.753
2025-04-27 12:00:00,-0.885,19.087,-7.638
2025-04-28 23:00:00,-1.043,18.044,-8.681
2025-05-01 00:00:00,0.228,18.272,-8.453
2025-05-03 16:00:00,-1.021,17.251,-9.474
2025-05-06 05:00:00,-1.035,16.216,-10.509
2025-05-09 01:00:00,1.46,17.676,-9.049
2025-05-11 06:00:00,-1.034,16.642,-10.083
2025-05-15 03:00:00,-0.075,16.567,-10.158
2025-05-17 06:00:00,-0.411,16.156,-10.569
2025-05-18 14:00:00,-1.031,15.125,-11.6
2025-05-21 07:00:00,-0.699,14.426,-12.299
2025-05-23 00:00:00,2.473,16.899,-9.826
2025-05-23 12:00:00,-1.024,15.875,-10.85
2025-05-26 01:00:00,-1.038,14.837,-11.888
2025-05-28 23:00:00,-1.03,13.807,-12.918
2025-05-30 00:00:00,-1.022,12.785,-13.94
2025-05-31 16:00:00,-1.023,11.762,-14.963
2025-06-02 17:00:00,-0.727,11.035,-15.69
2025-06-05 20:00:00,2.436,13.471,-13.254
2025-06-07 07:00:00,-1.016,12.455,-14.27
2025-06-09 08:00:00,0.793,13.248,-13.477
2025-06-11 11:00:00,2.009,15.257,-11.468
2025-06-13 23:00:00,-1.013,14.244,-12.481
2025-06-16 00:00:00,0.296,14.54,-12.185
2025-06-18 14:00:00,-0.169,14.371,-12.354
2025-06-21 18:00:00,-0.599,13.772,-12.953
2025-06-24 15:00:00,0.316,14.088,-12.637
2025-06-27 16:00:00,2.447,16.535,-10.19
2025-06-28 14:00:00,-1.03,15.505,-11.22
2025-07-02 16:00:00,-0.162,15.343,-11.382
2025-07-06 03:00:00,0.204,15.547,-11.178
2025-07-08 15:00:00,1.117,16.664,-10.061
2025-07-11 03:00:00,2.054,18.718,-8.007
2025-07-12 13:00:00,-1.035,17.683,-9.042
2025-07-14 14:00:00,-0.063,17.62,-9.105
2025-07-16 21:00:00,-0.217,17.403,-9.322
2025-07-20 05:00:00,0.025,17.428,-9.297
2025-07-22 12:00:00,-0.573,16.855,-9.87
2025-07-25 08:00:00,-1.025,15.83,-10.895
2025-07-27 11:00:00,0.689,16.519,-10.206
2025-07-29 13:00:00,-0.707,15.812,-10.913
2025-08-03 14:00:00,0.388,16.2,-10.525
2025-08-06 01:00:00,0.043,16.243,-10.482
2025-08-09 07:00:00,1.06,17.303,-9.422
2025-08-10 14:00:00,-1.031,16.272,-10.453
2025-08-13 10:00:00,0.668,16.94,-9.785
2025-08-14 12:00:00,-1.026,15.914,-10.811
2025-08-18 16:00:00,0.961,16.875,-9.85
2025-08-19 23:00:00,2.42,19.295,-7.43
2025-08-22 00:00:00,-0.396,18.899,-7.826
2025-08-24 15:00:00,0.089,18.988,-7.737
2025-08-24 19:00:00,-1.094,17.894,-8.831
2025-08-24 20:00:00,-1.08,16.814,-9.911
2025-08-27 06:00:00,0.698,17.512,-9.213
2025-08-31 09:00:00,-0.62,16.892,-9.833
2025-09-01 07:00:00,-1.032,15.86,-10.865
2025-09-04 05:00:00,0.573,16.433,-10.292
2025-09-06 10:00:00,-1.03,15.403,-11.322
2025-09-11 03:00:00,0.105,15.508,-11.217
2025-09-13 05:00:00,0.365,15.873,-10.852
2025-09-14 01:00:00,-1.059,14.814,-11.911
2025-09-15 16:00:00,-1.054,13.76,-12.965
2025-09-17 17:00:00,-0.197,13.563,-13.162
2025-09-19 23:00:00,-0.694,12.869,-13.856
2025-09-22 00:00:00,1.934,14.803,-11.922
2025-09-24 01:00:00,1.386,16.189,-10.536
2025-09-24 14:00:00,-1.067,15.122,-11.603
2025-09-27 05:00:00,0.312,15.434,-11.291
2025-10-01 09:00:00,2.454,17.888,-8.837
2025-10-03 10:00:00,0.274,18.162,-8.563
2025-10-04 07:00:00,-1.084,17.078,-9.647
2025-10-07 14:00:00,2.378,19.456,-7.269
2025-10-09 15:00:00,0.337,19.793,-6.932
2025-10-09 22:00:00,-1.044,18.749,-7.976
2025-10-10 18:00:00,-1.025,17.724,-9.001
2025-10-10 21:00:00,2.482,20.206,-6.519
2025-10-12 22:00:00,-0.05,20.156,-6.569
2025-10-16 07:00:00,-0.163,19.993,-6.732
2025-10-16 19:00:00,2.434,22.427,-4.298
2025-10-17 08:00:00,2.476,24.903,-1.822
2025-10-19 09:00:00,-0.184,24.719,-2.006
2025-10-19 10:00:00,-1.071,23.648,-3.077
2025-10-21 14:00:00,-1.025,22.623,-4.102
2025-10-22 21:00:00,-1.015,21.608,-5.117
2025-10-23 02:00:00,-1.05,20.558,-6.167
2025-10-26 08:00:00,1.915,22.473,-4.252
2025-10-28 10:00:00,1.596,24.069,-2.656
2025-10-30 12:00:00,-1.025,23.044,-3.681
2025-11-01 18:00:00,-0.494,22.55,-4.175
2025-11-03 15:00:00,2.455,25.005,-1.72
2025-11-05 16:00:00,0.594,25.599,-1.126
2025-11-09 17:00:00,-0.148,25.451,-1.274
2025-11-12 01:00:00,-0.053,25.398,-1.327
2025-11-12 19:00:00,-1.022,24.376,-2.349
2025-11-14 20:00:00,0.693,25.069,-1.656
2025-11-15 03:00:00,-1.022,24.047,-2.678
2025-11-17 14:00:00,-1.021,23.026,-3.699
2025-11-18 00:00:00,-1.024,22.002,-4.723
2025-11-19 18:00:00,-1.012,20.99,-5.735
2025-11-20 04:00:00,-1.017,19.973,-6.752
2025-11-21 14:00:00,-1.022,18.951,-7.774
2025-11-23 18:00:00,0.616,19.567,-7.158
2025-11-27 09:00:00,-0.584,18.983,-7.742
2025-11-29 00:00:00,-1.029,17.954,-8.771
2025-11-30 10:00:00,-1.049,16.905,-9.82
2025-12-01 04:00:00,-1.015,15.89,-10.835
2025-12-03 04:00:00,-1.014,14.876,-11.849
2025-12-05 05:00:00,-0.395,14.481,-12.244
2025-12-08 11:00:00,0.122,14.603,-12.122
2025-12-12 04:00:00,-0.632,13.971,-12.754
2025-12-14 08:00:00,-0.18,13.791,-12.934
2025-12-16 20:00:00,0.669,14.46,-12.265
2025-12-20 15:00:00,0.842,15.302,-11.423
2025-12-25 08:00:00,-1.036,14.266,-12.459
2025-12-27 09:00:00,0.894,15.16,-11.565
2025-12-29 16:00:00,-0.743,14.417,-12.308
2025-12-31 18:00:00,-0.133,14.284,-12.441
2026-01-02 09:00:00,-1.106,13.178,-13.547
2026-01-04 18:00:00,1.079,14.257,-12.468
2026-01-06 11:00:00,-1.028,13.229,-13.496
2026-01-08 13:00:00,-1.024,12.205,-14.52
2026-01-11 06:00:00,2.402,14.607,-12.118
2026-01-11 22:00:00,-1.063,13.544,-13.181
2026-01-14 07:00:00,0.622,14.166,-12.559
2026-01-15 09:00:00,-1.028,13.138,-13.587
2026-01-17 18:00:00,-0.152,12.986,-13.739
2026-01-21 00:00:00,-1.062,11.924,-14.801
2026-01-23 20:00:00,-1.054,10.87,-15.855
2026-01-27 02:00:00,-1.055,9.815,-16.91
2026-01-29 03:00:00,-0.638,9.177,-17.548
2026-01-30 01:00:00,2.456,11.633,-15.092
2026-02-01 02:00:00,0.706,12.339,-14.386
2026-02-06 22:00:00,-1.012,11.327,-15.398
2026-02-08 23:00:00,-0.093,11.234,-15.491
2026-02-13 11:00:00,-1.03,10.204,-16.521
2026-02-15 12:00:00,0.931,11.135,-15.59
2026-02-17 14:00:00,-1.033,10.102,-16.623
2026-02-22 17:00:00,0.433,10.535,-16.19
2026-02-25 02:00:00,1.123,11.658,-15.067
2026-02-28 17:00:00,1.37,13.028,-13.697
2026-03-03 17:00:00,-0.084,12.944,-13.781
2026-03-06 15:00:00,-0.856,12.088,-14.637
2026-03-09 13:00:00,-1.044,11.044,-15.681
2026-03-13 13:00:00,2.432,13.476,-13.249
2026-03-13 22:00:00,-1.052,12.424,-14.301
2026-03-15 13:00:00,-1.086,11.338,-15.387
2026-03-18 00:00:00,0.135,11.473,-15.252
2026-03-20 12:00:00,-0.449,11.024,-15.701
2026-03-21 23:00:00,-1.057,9.967,-16.758
2026-03-28 06:00:00,-0.911,9.056,-17.669
2026-03-29 14:00:00,-1.036,8.02,-18.705
2026-03-31 15:00:00,-0.424,7.596,-19.129
2026-03-31 21:00:00,-1.049,6.547,-20.178
2026-04-02 05:00:00,2.429,8.976,-17.749
2026-04-04 06:00:00,-0.107,8.869,-17.856
2026-04-07 12:00:00,0.003,8.872,-17.853
2026-04-09 22:00:00,0.224,9.096,-17.629
2026-04-14 01:00:00,-0.19,8.906,-17.819
2026-04-14 19:00:00,-1.053,7.853,-18.872
2026-04-18 21:00:00,-0.177,7.676,-19.049
2026-04-20 21:00:00,-1.109,6.567,-20.158
2026-04-22 05:00:00,2.416,8.983,-17.742
2026-04-24 06:00:00,-0.385,8.598,-18.127
2026-04-29 06:00:00,-0.528,8.07,-18.655
2026-05-01 13:00:00,-1.046,7.024,-19.701
2026-05-03 15:00:00,-0.591,6.433,-20.292
2026-05-06 04:00:00,2.458,8.891,-17.834
2026-05-07 14:00:00,-1.017,7.874,-18.851
2026-05-09 15:00:00,0.103,7.977,-18.748
2026-05-11 08:00:00,-1.074,6.903,-19.822
2026-05-13 14:00:00,1.41,8.313,-18.412
2026-05-15 16:00:00,0.209,8.522,-18.203
2026-05-16 10:00:00,2.403,10.925,-15.8
2026-05-18 06:00:00,2.472,13.397,-13.328
2026-05-20 07:00:00,0.037,13.434,-13.291
2026-05-23 09:00:00,2.456,15.89,-10.835
2026-05-25 10:00:00,-0.233,15.657,-11.068
2026-05-28 10:00:00,2.463,18.12,-8.605
